,Happiness Rank,Country,Happiness Score,GDP per capita,Social support,Healthy life expectancy,Freedom to make life choices,Generosity,Perceptions of corruption,Year
0,1,Switzerland,7.5870000000000015,1.39651,1.34951,0.94143,0.66557,0.29678000000000004,0.41978,2015
1,2,Iceland,7.561,1.30232,1.40223,0.94784,0.6287699999999999,0.4363,0.14145,2015
2,3,Denmark,7.527,1.32548,1.36058,0.87464,0.6493800000000001,0.34139,0.48357,2015
3,4,Norway,7.522,1.459,1.33095,0.88521,0.66973,0.34699,0.36503,2015
4,5,Canada,7.427,1.32629,1.32261,0.90563,0.63297,0.45811,0.32957,2015
5,6,Finland,7.4060000000000015,1.29025,1.31826,0.8891100000000001,0.64169,0.23351,0.41372,2015
6,7,Netherlands,7.377999999999999,1.32944,1.28017,0.89284,0.6157600000000001,0.4761,0.31814000000000003,2015
7,8,Sweden,7.364,1.33171,1.2890700000000002,0.91087,0.6598,0.36262,0.43844,2015
8,9,New Zealand,7.286,1.2501799999999998,1.31967,0.90837,0.6393800000000001,0.47501,0.42922,2015
9,10,Australia,7.284,1.33358,1.30923,0.93156,0.6512399999999999,0.43562,0.35637,2015
10,11,Israel,7.278,1.2285700000000002,1.22393,0.91387,0.41319,0.33172,0.07785,2015
11,12,Costa Rica,7.226,0.95578,1.23788,0.8602700000000001,0.63376,0.25497,0.10583,2015
12,13,Austria,7.2,1.33723,1.29704,0.8904200000000001,0.62433,0.33088,0.18676,2015
13,14,Mexico,7.187,1.02054,0.91451,0.8144399999999999,0.48181,0.14074,0.21312,2015
14,15,United States,7.119,1.39451,1.24711,0.86179,0.54604,0.40105,0.1589,2015
15,16,Brazil,6.983,0.98124,1.23287,0.69702,0.49049,0.14574,0.17521,2015
16,17,Luxembourg,6.9460000000000015,1.56391,1.21963,0.91894,0.61583,0.28034000000000003,0.37798,2015
17,18,Ireland,6.94,1.33596,1.36948,0.89533,0.6177699999999999,0.45901,0.28703,2015
18,19,Belgium,6.937,1.30782,1.28566,0.8966700000000001,0.5845,0.2225,0.2254,2015
19,20,United Arab Emirates,6.901,1.42727,1.12575,0.80925,0.64157,0.26428,0.38583,2015
20,21,United Kingdom,6.867000000000001,1.26637,1.28548,0.90943,0.59625,0.51912,0.32067,2015
21,22,Oman,6.853,1.36011,1.08182,0.76276,0.63274,0.21542,0.32524000000000003,2015
22,23,Venezuela,6.81,1.04424,1.25596,0.7205199999999999,0.42908,0.05841,0.11069,2015
23,24,Singapore,6.797999999999999,1.52186,1.02,1.02525,0.54252,0.31105,0.4921,2015
24,25,Panama,6.7860000000000005,1.06353,1.1985,0.79661,0.5421,0.24434,0.0927,2015
25,26,Germany,6.75,1.32792,1.29937,0.89186,0.6147699999999999,0.28214,0.21843,2015
26,27,Chile,6.67,1.10715,1.12447,0.85857,0.44132,0.33363000000000004,0.12869,2015
27,28,Qatar,6.6110000000000015,1.69042,1.0786,0.79733,0.6404,0.32573,0.52208,2015
28,29,France,6.575,1.27778,1.2603799999999998,0.94579,0.55011,0.12332,0.20646,2015
29,30,Argentina,6.574,1.05351,1.24823,0.78723,0.44974,0.11451,0.08484,2015
30,31,Czech Republic,6.505,1.17898,1.20643,0.84483,0.46364,0.10686,0.02652,2015
31,32,Uruguay,6.485,1.06166,1.2089,0.8116,0.6036199999999999,0.2324,0.24558,2015
32,33,Colombia,6.477,0.91861,1.2401799999999998,0.69077,0.53466,0.18401,0.0512,2015
33,34,Thailand,6.455,0.9669,1.26504,0.7385,0.5566399999999999,0.5763,0.03187,2015
34,35,Saudi Arabia,6.4110000000000005,1.39541,1.0839299999999998,0.72025,0.31048000000000003,0.13706,0.32524000000000003,2015
35,36,Spain,6.329,1.23011,1.31379,0.95562,0.45951,0.18227,0.06398,2015
36,37,Malta,6.3020000000000005,1.2074,1.30203,0.88721,0.60365,0.51752,0.13585999999999998,2015
37,38,Taiwan,6.297999999999999,1.29098,1.07617,0.8753,0.3974,0.25376,0.08129,2015
38,39,Kuwait,6.295,1.5542200000000002,1.16594,0.72492,0.55499,0.16228,0.25609,2015
39,40,Suriname,6.269,0.99534,0.972,0.6082,0.5965699999999999,0.16990999999999998,0.13633,2015
40,41,Trinidad and Tobago,6.167999999999998,1.21183,1.18354,0.61483,0.55884,0.31844,0.0114,2015
41,42,El Salvador,6.13,0.76454,1.02507,0.67737,0.4035,0.10692,0.11776,2015
42,43,Guatemala,6.122999999999998,0.74553,1.04356,0.64425,0.57733,0.27489,0.09472,2015
43,44,Uzbekistan,6.002999999999999,0.63244,1.34043,0.59772,0.6582100000000001,0.22837,0.30826,2015
44,45,Slovakia,5.995,1.16891,1.26999,0.7890199999999999,0.31751,0.16893,0.03431,2015
45,46,Japan,5.987,1.27074,1.25712,0.99111,0.49615,0.10705,0.1806,2015
46,47,South Korea,5.984,1.24461,0.95774,0.96538,0.33208000000000004,0.18557,0.07857,2015
47,48,Ecuador,5.975,0.8640200000000001,0.99903,0.79075,0.48574,0.11540999999999997,0.1809,2015
48,49,Bahrain,5.96,1.32376,1.21624,0.74716,0.45492,0.17362,0.306,2015
49,50,Italy,5.948,1.25114,1.19777,0.95446,0.26236,0.22823,0.02901,2015
50,51,Bolivia,5.89,0.68133,0.97841,0.5392,0.57414,0.20536,0.08800000000000001,2015
51,52,Moldova,5.8889999999999985,0.59448,1.01528,0.61826,0.32818,0.20951,0.01615,2015
52,53,Paraguay,5.877999999999999,0.75985,1.30477,0.66098,0.53899,0.3424,0.08242000000000001,2015
53,54,Kazakhstan,5.855,1.12254,1.12241,0.64368,0.51649,0.11827,0.08454,2015
54,55,Slovenia,5.848,1.18498,1.27385,0.8733700000000001,0.60855,0.25328,0.03787,2015
55,56,Lithuania,5.832999999999998,1.14723,1.25745,0.73128,0.21342,0.026410000000000003,0.01031,2015
56,57,Nicaragua,5.8279999999999985,0.59325,1.14184,0.7431399999999999,0.55475,0.27815,0.19317,2015
57,58,Peru,5.824,0.9001899999999999,0.97459,0.73017,0.4149600000000001,0.14982,0.05989,2015
58,59,Belarus,5.813,1.0319200000000002,1.23289,0.7360800000000001,0.37938,0.11046,0.1909,2015
59,60,Poland,5.791,1.12555,1.27948,0.77903,0.53122,0.16759000000000002,0.04212,2015
60,61,Malaysia,5.77,1.12486,1.07023,0.7239399999999999,0.5302399999999999,0.33075,0.10501,2015
61,62,Croatia,5.759,1.08254,0.79624,0.78805,0.25883,0.05444,0.0243,2015
62,63,Libya,5.754,1.13145,1.1186200000000002,0.7038,0.41668,0.18295,0.11023,2015
63,64,Russia,5.716,1.13764,1.23617,0.6692600000000001,0.36679,0.00199,0.03005,2015
64,65,Jamaica,5.709,0.81038,1.1510200000000002,0.6874100000000001,0.50442,0.2123,0.02299,2015
65,66,North Cyprus,5.695,1.20806,1.07008,0.92356,0.49027,0.26169000000000003,0.1428,2015
66,67,Cyprus,5.689,1.20813,0.89318,0.92356,0.40672,0.30638000000000004,0.06146,2015
67,68,Algeria,5.605,0.93929,1.07772,0.61766,0.28579,0.07822,0.17382999999999998,2015
68,69,Kosovo,5.589,0.80148,0.81198,0.63132,0.24749,0.2831,0.04741,2015
69,70,Turkmenistan,5.547999999999999,0.95847,1.22668,0.53886,0.4761,0.16979,0.30844,2015
70,71,Mauritius,5.477,1.00761,0.98521,0.7095,0.56066,0.37744,0.07521,2015
71,72,Hong Kong,5.474,1.38604,1.05818,1.01328,0.59608,0.39478,0.37124,2015
72,73,Estonia,5.4289999999999985,1.15174,1.22791,0.77361,0.44888,0.0868,0.15184,2015
73,74,Indonesia,5.399,0.8282700000000001,1.0870799999999998,0.63793,0.46611,0.51535,0.0,2015
74,75,Vietnam,5.36,0.63216,0.91226,0.7467600000000001,0.59444,0.1686,0.10441,2015
75,76,Turkey,5.332000000000002,1.06098,0.94632,0.73172,0.22815,0.12253,0.15746,2015
76,77,Kyrgyzstan,5.2860000000000005,0.47428,1.15115,0.65088,0.43477,0.3003,0.04232,2015
77,78,Nigeria,5.268,0.65435,0.90432,0.16007000000000002,0.34334000000000003,0.27233,0.0403,2015
78,79,Bhutan,5.252999999999999,0.77042,1.10395,0.57407,0.5320600000000001,0.47998,0.15445,2015
79,80,Azerbaijan,5.2120000000000015,1.02389,0.93793,0.64045,0.3703,0.07799,0.16065,2015
80,81,Pakistan,5.194,0.59543,0.41411,0.51466,0.12102,0.33671,0.10464,2015
81,82,Jordan,5.192,0.90198,1.05392,0.69639,0.40661,0.11053,0.14293,2015
82,82,Montenegro,5.192,0.97438,0.90557,0.72521,0.1826,0.1614,0.14296,2015
83,84,China,5.14,0.89012,0.94675,0.81658,0.5169699999999999,0.08185,0.02781,2015
84,85,Zambia,5.129,0.47038,0.91612,0.29924,0.48827,0.19591,0.12468,2015
85,86,Romania,5.124,1.04345,0.8858799999999999,0.7689,0.35068,0.13748,0.006490000000000001,2015
86,87,Serbia,5.122999999999998,0.92053,1.00964,0.74836,0.20107,0.19231,0.02617,2015
87,88,Portugal,5.102,1.15991,1.13935,0.8751899999999999,0.51469,0.13719,0.01078,2015
88,89,Latvia,5.098,1.11312,1.09562,0.72437,0.29671,0.18226,0.06332,2015
89,90,Philippines,5.073,0.70532,1.03516,0.58114,0.62545,0.24991,0.12279,2015
90,91,Somaliland region,5.057,0.18847,0.95152,0.43873,0.46582,0.5031800000000001,0.39928,2015
91,92,Morocco,5.013,0.7347899999999999,0.64095,0.60954,0.4169100000000001,0.07172,0.08546000000000001,2015
92,93,Macedonia,5.007,0.91851,1.00232,0.73545,0.33457,0.22359,0.053270000000000005,2015
93,94,Mozambique,4.971,0.08308,1.02626,0.09131,0.34037,0.22269,0.15603,2015
94,95,Albania,4.959,0.8786700000000001,0.8043399999999999,0.81325,0.35733000000000004,0.14272,0.06412999999999999,2015
95,96,Bosnia and Herzegovina,4.949,0.8322299999999999,0.91916,0.79081,0.09245,0.24808,0.00227,2015
96,97,Lesotho,4.898,0.37545,1.04103,0.07612000000000001,0.31767,0.16388,0.12504,2015
97,98,Dominican Republic,4.885,0.8953700000000001,1.17202,0.66825,0.57672,0.21684,0.14234000000000002,2015
98,99,Laos,4.876,0.5906600000000001,0.73803,0.54909,0.59591,0.42192,0.24249,2015
99,100,Mongolia,4.874,0.82819,1.3006,0.60268,0.43626,0.3323,0.026660000000000003,2015
100,101,Swaziland,4.867,0.71206,1.07284,0.07566,0.30658,0.18259,0.0306,2015
101,102,Greece,4.857,1.15406,0.92933,0.88213,0.07699,0.0,0.013969999999999998,2015
102,103,Lebanon,4.839,1.02564,0.80001,0.83947,0.33916,0.21854,0.04582,2015
103,104,Hungary,4.8,1.12094,1.20215,0.75905,0.32112,0.128,0.02758,2015
104,105,Honduras,4.788,0.59532,0.95348,0.6951,0.40148,0.23027,0.06825,2015
105,106,Tajikistan,4.7860000000000005,0.39047,0.8556299999999999,0.5737899999999999,0.47216,0.22974,0.15072,2015
106,107,Tunisia,4.739,0.88113,0.60429,0.73793,0.26268,0.06431,0.06358,2015
107,108,Palestinian Territories,4.715,0.59867,0.92558,0.66015,0.24499,0.11251,0.12905,2015
108,109,Bangladesh,4.694,0.39753,0.4310600000000001,0.60164,0.4082,0.21222,0.12569,2015
109,110,Iran,4.686,1.0088,0.54447,0.69805,0.30033000000000004,0.38086,0.05863,2015
110,111,Ukraine,4.681,0.79907,1.20278,0.6739,0.25123,0.15275,0.02961,2015
111,112,Iraq,4.677,0.98549,0.81889,0.60237,0.0,0.17922000000000002,0.13788,2015
112,113,South Africa,4.642,0.92049,1.18468,0.27688,0.33207,0.11973,0.08884,2015
113,114,Ghana,4.633,0.5455800000000001,0.6795399999999999,0.40132,0.42342,0.23087,0.04355,2015
114,115,Zimbabwe,4.61,0.271,1.03276,0.33475,0.25861,0.18987,0.08079,2015
115,116,Liberia,4.5710000000000015,0.0712,0.78968,0.34201,0.28531,0.24362,0.062320000000000014,2015
116,117,India,4.565,0.64499,0.38174,0.5152899999999999,0.39786,0.26475,0.08492000000000001,2015
117,118,Sudan,4.55,0.52107,1.01404,0.36878,0.10081,0.19062,0.1466,2015
118,119,Haiti,4.518,0.26673,0.74302,0.38847,0.24425,0.46187,0.17175,2015
119,120,Congo (Kinshasa),4.517,0.0,1.0012,0.09806,0.22605,0.24834,0.07625,2015
120,121,Nepal,4.5139999999999985,0.35997,0.86449,0.5687399999999999,0.38282,0.32296,0.05907,2015
121,122,Ethiopia,4.512,0.19073,0.60406,0.44055,0.4345,0.24325,0.15048,2015
122,123,Sierra Leone,4.507,0.33024000000000003,0.95571,0.0,0.4084,0.21488,0.08786000000000001,2015
123,124,Mauritania,4.436,0.45407,0.86908,0.35874,0.24232,0.219,0.17461,2015
124,125,Kenya,4.419,0.36471,0.99876,0.41435,0.42215,0.37542,0.05839,2015
125,126,Djibouti,4.369,0.44025,0.59207,0.36291,0.46074,0.18093,0.28105,2015
126,127,Armenia,4.35,0.7682100000000001,0.7771100000000001,0.7299,0.19847,0.07855,0.039,2015
127,128,Botswana,4.332,0.99355,1.10464,0.04776,0.49495,0.10461,0.12474,2015
128,129,Myanmar,4.307,0.27108000000000004,0.70905,0.4824600000000001,0.44017,0.79588,0.19034,2015
129,130,Georgia,4.297,0.7419,0.38562,0.72926,0.40577,0.055470000000000005,0.38331,2015
130,131,Malawi,4.292,0.016040000000000002,0.41134,0.22562,0.43054,0.33128,0.06977,2015
131,132,Sri Lanka,4.271,0.83524,1.01905,0.70806,0.5372600000000001,0.40828,0.09179,2015
132,133,Cameroon,4.252,0.4225,0.8876700000000001,0.23402,0.49309,0.20618000000000006,0.05786,2015
133,134,Bulgaria,4.218,1.01216,1.10614,0.76649,0.30587,0.11921,0.00872,2015
134,135,Egypt,4.194,0.8818,0.747,0.61712,0.17288,0.11291,0.06324,2015
135,136,Yemen,4.077,0.5464899999999999,0.68093,0.40064,0.35571,0.09131,0.07854,2015
136,137,Angola,4.033,0.75778,0.8604,0.16683,0.10384000000000003,0.12344,0.07122,2015
137,138,Mali,3.995,0.26074,1.03526,0.20583,0.38857,0.18798,0.12352,2015
138,139,Congo (Brazzaville),3.989,0.67866,0.6629,0.31051,0.41466,0.12388,0.11686,2015
139,140,Comoros,3.956,0.23906,0.79273,0.36315,0.22917,0.17440999999999998,0.199,2015
140,141,Uganda,3.931,0.21102,1.13299,0.33861,0.45727,0.29066,0.07267,2015
141,142,Senegal,3.904,0.36498,0.97619,0.4354,0.36772,0.20843000000000006,0.10713,2015
142,143,Gabon,3.896,1.06024,0.90528,0.43372,0.31914000000000003,0.06822,0.11091,2015
143,144,Niger,3.845,0.0694,0.77265,0.29707,0.47692,0.19387,0.15639,2015
144,145,Cambodia,3.819,0.46038,0.62736,0.61114,0.66246,0.40359,0.07247,2015
145,146,Tanzania,3.781,0.2852,1.00268,0.38215,0.32878,0.34377,0.057470000000000014,2015
146,147,Madagascar,3.681,0.20824,0.66801,0.46721,0.19184,0.21333,0.08123999999999999,2015
147,148,Central African Republic,3.678,0.0785,0.0,0.06699,0.48879,0.23835,0.08288999999999999,2015
148,149,Chad,3.667,0.34193,0.76062,0.1501,0.23501,0.18386,0.05269,2015
149,150,Guinea,3.656,0.17417,0.46475,0.24009,0.37725,0.28657,0.12139,2015
150,151,Ivory Coast,3.655,0.46534,0.77115,0.15185,0.46866,0.20165,0.17922000000000002,2015
151,152,Burkina Faso,3.587,0.25812,0.85188,0.27125,0.39493,0.21747,0.12832000000000002,2015
152,153,Afghanistan,3.575,0.31982,0.30285,0.30335,0.23414,0.3651,0.09719,2015
153,154,Rwanda,3.465,0.22208000000000006,0.7737,0.42864,0.59201,0.22628,0.55191,2015
154,155,Benin,3.34,0.28665,0.35386,0.3191,0.4845,0.1826,0.0801,2015
155,156,Syria,3.006,0.6632,0.47489,0.7219300000000001,0.15684,0.47179,0.18906,2015
156,157,Burundi,2.905,0.0153,0.41587,0.22396,0.1185,0.19727,0.10062,2015
157,158,Togo,2.839,0.20868,0.13995,0.28443,0.36453,0.16681,0.10731,2015
158,1,Denmark,7.526,1.4417799999999998,1.16374,0.79504,0.5794100000000001,0.36171,0.44453,2016
159,2,Switzerland,7.508999999999999,1.52733,1.14524,0.86303,0.58557,0.28083,0.41203,2016
160,3,Iceland,7.501,1.42666,1.18326,0.8673299999999999,0.56624,0.47678,0.14975,2016
161,4,Norway,7.497999999999998,1.57744,1.1269,0.79579,0.59609,0.37895,0.35776,2016
162,5,Finland,7.4129999999999985,1.40598,1.13464,0.81091,0.57104,0.25492,0.41004,2016
163,6,Canada,7.404,1.44015,1.0961,0.8276,0.5737,0.44834,0.31329,2016
164,7,Netherlands,7.338999999999999,1.46468,1.02912,0.8123100000000001,0.55211,0.47416,0.29927,2016
165,8,New Zealand,7.334,1.36066,1.17278,0.83096,0.5814699999999999,0.4940100000000001,0.41904,2016
166,9,Australia,7.313,1.44443,1.10476,0.8512,0.5683699999999999,0.47407,0.32331,2016
167,10,Sweden,7.291,1.45181,1.08764,0.83121,0.58218,0.38254,0.40867,2016
168,11,Israel,7.267,1.33766,0.99537,0.8491700000000001,0.36432,0.32288,0.08728,2016
169,12,Austria,7.119,1.45038,1.0838299999999998,0.80565,0.54355,0.32865,0.21348000000000006,2016
170,13,United States,7.104,1.50796,1.04782,0.779,0.48163,0.41077,0.14868,2016
171,14,Costa Rica,7.0870000000000015,1.06879,1.02152,0.76146,0.55225,0.22553,0.10547,2016
172,15,Puerto Rico,7.039,1.35943,1.08113,0.77758,0.46823,0.22202,0.12275,2016
173,16,Germany,6.994,1.44787,1.09774,0.81487,0.53466,0.30452,0.28551,2016
174,17,Brazil,6.952000000000001,1.08754,1.03938,0.61415,0.40425,0.15775999999999998,0.14165999999999998,2016
175,18,Belgium,6.9289999999999985,1.42539,1.05249,0.8195899999999999,0.51354,0.2424,0.26248,2016
176,19,Ireland,6.907,1.48341,1.16157,0.81455,0.54008,0.44963,0.29754,2016
177,20,Luxembourg,6.871,1.69752,1.03999,0.8454200000000001,0.5487,0.27571,0.35329,2016
178,21,Mexico,6.778,1.1150799999999998,0.7146,0.71143,0.37709,0.11735,0.18355,2016
179,22,Singapore,6.739,1.64555,0.8675799999999999,0.94719,0.4877,0.32706,0.46987,2016
180,23,United Kingdom,6.725,1.40283,1.08672,0.80991,0.50036,0.50156,0.27399,2016
181,24,Chile,6.705,1.2167,0.90587,0.8188300000000001,0.37789,0.31595,0.11451,2016
182,25,Panama,6.7010000000000005,1.18306,0.98912,0.70835,0.48927,0.2418,0.08423,2016
183,26,Argentina,6.65,1.15137,1.0661200000000002,0.69711,0.42284,0.10989000000000003,0.07296,2016
184,27,Czech Republic,6.596,1.30915,1.00793,0.76376,0.41418,0.09929,0.03986,2016
185,28,United Arab Emirates,6.573,1.57352,0.8711399999999999,0.72993,0.56215,0.26591,0.35561,2016
186,29,Uruguay,6.545,1.18157,1.0314299999999998,0.72183,0.54388,0.18056,0.21394,2016
187,30,Malta,6.488,1.30782,1.09879,0.80315,0.54994,0.56237,0.17554,2016
188,31,Colombia,6.481,1.03032,1.02169,0.59659,0.44735,0.15625999999999998,0.05399,2016
189,32,France,6.478,1.39488,1.00508,0.83795,0.46562,0.1216,0.17808,2016
190,33,Thailand,6.474,1.0893,1.04477,0.64915,0.49553,0.58696,0.02833,2016
191,34,Saudi Arabia,6.379,1.48953,0.84829,0.59267,0.37904,0.15457,0.30008,2016
192,34,Taiwan,6.379,1.39729,0.92624,0.79565,0.32377,0.25495,0.0663,2016
193,36,Qatar,6.375,1.82427,0.87964,0.71723,0.56679,0.32388,0.48049,2016
194,37,Spain,6.3610000000000015,1.34253,1.12945,0.8789600000000001,0.37545,0.17665,0.061370000000000015,2016
195,38,Algeria,6.355,1.05266,0.83309,0.6180399999999999,0.21006,0.07044,0.16157,2016
196,39,Guatemala,6.324,0.83454,0.8711899999999999,0.5403899999999999,0.50379,0.28808,0.08701,2016
197,40,Suriname,6.269,1.09686,0.77866,0.5093300000000001,0.5223399999999999,0.16665,0.12692,2016
198,41,Kuwait,6.239,1.61714,0.8775799999999999,0.63569,0.43166,0.15965,0.23669,2016
199,42,Bahrain,6.218,1.44024,0.94397,0.65696,0.47375,0.17147,0.25772,2016
200,43,Trinidad and Tobago,6.167999999999998,1.32572,0.98569,0.52608,0.48453,0.31935,0.01241,2016
201,44,Venezuela,6.084,1.1336700000000002,1.03302,0.6190399999999999,0.19847,0.0425,0.08304,2016
202,45,Slovakia,6.0779999999999985,1.27973,1.08268,0.70367,0.23391,0.13837,0.02947,2016
203,46,El Salvador,6.068,0.8737,0.80975,0.596,0.37269,0.08877,0.10613,2016
204,47,Malaysia,6.005,1.25142,0.88025,0.62366,0.39031,0.41474,0.09081,2016
205,48,Nicaragua,5.992000000000001,0.69384,0.8952100000000001,0.65213,0.46582,0.29773,0.16292,2016
206,49,Uzbekistan,5.987,0.7359100000000001,1.1681,0.50163,0.60848,0.34326,0.28333,2016
207,50,Italy,5.977,1.35495,1.04167,0.8510200000000001,0.18827,0.16684000000000002,0.02556,2016
208,51,Ecuador,5.976,0.97306,0.85974,0.68613,0.4027,0.10074,0.18037,2016
209,52,Belize,5.956,0.87616,0.68655,0.45569,0.51231,0.23684,0.10771,2016
210,53,Japan,5.921,1.38007,1.06054,0.91491,0.46761,0.10224,0.18985,2016
211,54,Kazakhstan,5.919,1.22943,0.95544,0.57386,0.4052,0.15011,0.11132,2016
212,55,Moldova,5.897,0.69177,0.8313200000000001,0.5230899999999999,0.25202,0.19997,0.01903,2016
213,56,Russia,5.856,1.2322799999999998,1.05261,0.58991,0.32682,0.02736,0.03586,2016
214,57,Poland,5.835,1.24585,1.04685,0.69058,0.4519,0.14443,0.055,2016
215,57,South Korea,5.835,1.35948,0.7219399999999999,0.88645,0.25168,0.18824,0.07716,2016
216,59,Bolivia,5.822,0.79422,0.8377899999999999,0.4697,0.50961,0.21698,0.07746,2016
217,60,Lithuania,5.813,1.2692,1.06411,0.64674,0.18929,0.02025,0.0182,2016
218,61,Belarus,5.8020000000000005,1.1306200000000002,1.04993,0.6310399999999999,0.29091,0.13942000000000002,0.17457,2016
219,62,North Cyprus,5.771,1.31141,0.81826,0.8414200000000001,0.43596,0.26322,0.16577999999999998,2016
220,63,Slovenia,5.768,1.29947,1.05613,0.79151,0.53164,0.25738,0.03635,2016
221,64,Peru,5.7429999999999986,0.99602,0.81255,0.6299399999999999,0.37502,0.14527,0.05292,2016
222,65,Turkmenistan,5.658,1.08017,1.03817,0.4400600000000001,0.37408,0.22567,0.28467,2016
223,66,Mauritius,5.648,1.14372,0.75695,0.66189,0.46145,0.36951,0.052029999999999986,2016
224,67,Libya,5.615,1.0668799999999998,0.95076,0.52304,0.40672,0.17087,0.10339,2016
225,68,Latvia,5.56,1.21788,0.95025,0.63952,0.27996,0.17445,0.0889,2016
226,69,Cyprus,5.546,1.31857,0.70697,0.8488,0.29507,0.27906,0.052279999999999986,2016
227,70,Paraguay,5.5379999999999985,0.8937299999999999,1.11111,0.58295,0.46235,0.25296,0.07396,2016
228,71,Romania,5.528,1.1697,0.7280300000000001,0.67602,0.36712,0.12889,0.006790000000000001,2016
229,72,Estonia,5.517,1.27964,1.0516299999999998,0.68098,0.41511,0.08423,0.18519,2016
230,73,Jamaica,5.51,0.89333,0.96372,0.5946899999999999,0.43597,0.22245,0.04294,2016
231,74,Croatia,5.488,1.18649,0.6080899999999999,0.70524,0.23907,0.18434,0.04002,2016
232,75,Hong Kong,5.457999999999998,1.5107,0.87021,0.95277,0.48079,0.40097,0.31647,2016
233,76,Somalia,5.44,0.0,0.33613000000000004,0.11465999999999997,0.5677800000000001,0.27225,0.3118,2016
234,77,Kosovo,5.401,0.90145,0.66062,0.54,0.14396,0.27992,0.06547,2016
235,78,Turkey,5.3889999999999985,1.1649200000000002,0.8771700000000001,0.64718,0.23889,0.04707,0.12348,2016
236,79,Indonesia,5.314,0.95104,0.87625,0.49374,0.39237,0.56521,0.00322,2016
237,80,Jordan,5.303,0.99673,0.86216,0.60712,0.36023,0.14262,0.13297,2016
238,81,Azerbaijan,5.291,1.12373,0.76042,0.54504,0.35327,0.0564,0.17914000000000002,2016
239,82,Philippines,5.279,0.81217,0.87877,0.4703600000000001,0.5485399999999999,0.21674,0.11757,2016
240,83,China,5.245,1.0278,0.79381,0.73561,0.44012,0.04959,0.02745,2016
241,84,Bhutan,5.1960000000000015,0.8527,0.90836,0.49759,0.46074,0.4854600000000001,0.1616,2016
242,85,Kyrgyzstan,5.185,0.5604399999999999,0.95434,0.5544899999999999,0.40212,0.38432,0.04762,2016
243,86,Serbia,5.1770000000000005,1.03437,0.81329,0.6458,0.15718,0.20737,0.04339,2016
244,87,Bosnia and Herzegovina,5.1629999999999985,0.93383,0.64367,0.7076600000000001,0.09511,0.29889,0.0,2016
245,88,Montenegro,5.1610000000000005,1.07838,0.74173,0.6353300000000001,0.15111,0.17190999999999998,0.12721,2016
246,89,Dominican Republic,5.155,1.02787,0.99496,0.5766899999999999,0.52259,0.21286,0.12372,2016
247,90,Morocco,5.151,0.8405799999999999,0.38595,0.5947100000000001,0.25646,0.04053,0.08404,2016
248,91,Hungary,5.145,1.24142,0.93164,0.67608,0.1977,0.099,0.04472,2016
249,92,Pakistan,5.1320000000000014,0.68816,0.26135,0.40306,0.14622000000000002,0.31185,0.1388,2016
250,93,Lebanon,5.129,1.12268,0.64184,0.76171,0.26228,0.23693000000000006,0.03061,2016
251,94,Portugal,5.122999999999998,1.27607,0.94367,0.7936300000000001,0.44727,0.11691,0.01521,2016
252,95,Macedonia,5.121,1.0193,0.78236,0.6473800000000001,0.27668000000000004,0.23507,0.07047,2016
253,96,Vietnam,5.061,0.74037,0.7911699999999999,0.66157,0.5595399999999999,0.25075,0.11556,2016
254,97,Somaliland Region,5.057,0.25558000000000003,0.75862,0.33108000000000004,0.3913,0.51479,0.36794,2016
255,98,Tunisia,5.045,0.97724,0.43165,0.59577,0.23553,0.03936,0.0817,2016
256,99,Greece,5.033,1.24886,0.75473,0.80029,0.058220000000000015,0.0,0.04127,2016
257,100,Tajikistan,4.996,0.48835,0.75602,0.5311899999999999,0.43408,0.25998000000000004,0.13509000000000002,2016
258,101,Mongolia,4.907,0.98853,1.08983,0.55469,0.35972,0.34539000000000003,0.03285,2016
259,102,Laos,4.876,0.68042,0.5497,0.38291,0.52168,0.43079,0.22423,2016
260,103,Nigeria,4.875,0.75216,0.64498,0.05108,0.27854,0.23219,0.0305,2016
261,104,Honduras,4.871,0.69429,0.7559600000000001,0.5838300000000001,0.26755,0.2044,0.06906,2016
262,105,Iran,4.813,1.11758,0.38857,0.64232,0.22544,0.38538,0.0557,2016
263,106,Zambia,4.795,0.61202,0.6376,0.23573,0.42662,0.17866,0.11479,2016
264,107,Nepal,4.793,0.4462600000000001,0.69699,0.50073,0.37012,0.3816,0.07007999999999999,2016
265,108,Palestinian Territories,4.754,0.67024,0.71629,0.56844,0.17744,0.11154,0.10613,2016
266,109,Albania,4.655,0.9553,0.50163,0.73007,0.31866,0.1684,0.05301,2016
267,110,Bangladesh,4.643,0.54177,0.24749,0.52989,0.39778,0.19132,0.12583,2016
268,111,Sierra Leone,4.635,0.36485,0.628,0.0,0.30685,0.23897,0.08196,2016
269,112,Iraq,4.575,1.07474,0.59205,0.51076,0.24856,0.19589,0.13635999999999998,2016
270,113,Namibia,4.574,0.93287,0.70362,0.34745,0.48614,0.07795,0.10398,2016
271,114,Cameroon,4.513,0.5249699999999999,0.62542,0.12697999999999998,0.42736,0.2268,0.06126,2016
272,115,Ethiopia,4.508,0.29283000000000003,0.37932,0.34578000000000003,0.36703,0.29522,0.1717,2016
273,116,South Africa,4.459,1.02416,0.96053,0.18611,0.42483,0.13656,0.08415,2016
274,117,Sri Lanka,4.415,0.97318,0.84783,0.62007,0.50817,0.46978,0.07964,2016
275,118,India,4.404,0.74036,0.29247,0.45091,0.40285,0.25028,0.08722,2016
276,119,Myanmar,4.395,0.34112,0.69981,0.3988,0.42692,0.81971,0.20243,2016
277,120,Egypt,4.362,0.95395,0.49813,0.5211600000000001,0.18847,0.12705999999999998,0.10393,2016
278,121,Armenia,4.36,0.8608600000000001,0.6247699999999999,0.64083,0.14037,0.07793,0.036160000000000005,2016
279,122,Kenya,4.356,0.52267,0.7624,0.30147,0.40576,0.41328,0.06686,2016
280,123,Ukraine,4.324,0.87287,1.01413,0.58628,0.12859,0.20363,0.01829,2016
281,124,Ghana,4.276,0.63107,0.49353,0.29681,0.40973,0.21203,0.0326,2016
282,125,Congo (Kinshasa),4.272,0.05661,0.80676,0.188,0.15602,0.25458000000000003,0.06075,2016
283,126,Georgia,4.252,0.8379200000000001,0.19249,0.64035,0.32461,0.06786,0.3188,2016
284,127,Congo (Brazzaville),4.2360000000000015,0.7710899999999999,0.47799,0.28212,0.37938,0.12077,0.09753,2016
285,128,Senegal,4.2189999999999985,0.44314,0.7741600000000001,0.40457,0.31056,0.19103,0.11681,2016
286,129,Bulgaria,4.217,1.11306,0.92542,0.67806,0.21219,0.12793,0.00615,2016
287,130,Mauritania,4.2010000000000005,0.6139100000000001,0.8414200000000001,0.28639000000000003,0.1268,0.22686,0.17955,2016
288,131,Zimbabwe,4.1930000000000005,0.35041,0.71478,0.1595,0.25429,0.18503,0.08582000000000001,2016
289,132,Malawi,4.1560000000000015,0.08709,0.147,0.29364,0.4143,0.30968,0.07564,2016
290,133,Sudan,4.1389999999999985,0.63069,0.8192799999999999,0.29759,0.0,0.18077,0.10039,2016
291,134,Gabon,4.121,1.15851,0.72368,0.3494,0.28098,0.06244,0.09314,2016
292,135,Mali,4.073,0.31292,0.8633299999999999,0.16347,0.27544,0.21064,0.13647,2016
293,136,Haiti,4.0280000000000005,0.34097,0.29561,0.27494,0.12072,0.47958,0.14476,2016
294,137,Botswana,3.974,1.09426,0.89186,0.34752,0.44089,0.12425,0.10769,2016
295,138,Comoros,3.956,0.27509,0.60323,0.29981,0.15412,0.1827,0.18437,2016
296,139,Ivory Coast,3.916,0.55507,0.57576,0.04476,0.40663,0.20338,0.1553,2016
297,140,Cambodia,3.907,0.55604,0.5375,0.42494,0.5885199999999999,0.40339,0.08092,2016
298,141,Angola,3.866,0.84731,0.66366,0.04991,0.00589,0.12070999999999997,0.08434,2016
299,142,Niger,3.856,0.1327,0.6053,0.26162,0.38041,0.2097,0.17176,2016
300,143,South Sudan,3.832,0.39394,0.18519,0.15780999999999998,0.19662,0.25899,0.13015,2016
301,144,Chad,3.763,0.42214,0.63178,0.03824,0.12807000000000002,0.18667,0.04952,2016
302,145,Burkina Faso,3.739,0.31995,0.63054,0.21297,0.3337,0.24353,0.12533,2016
303,145,Uganda,3.739,0.34719,0.90981,0.19625,0.43653,0.27102,0.06442,2016
304,147,Yemen,3.724,0.57939,0.47493,0.31048000000000003,0.2287,0.09821,0.058920000000000014,2016
305,148,Madagascar,3.695,0.27954,0.46115,0.37109,0.13684000000000002,0.2204,0.07506,2016
306,149,Tanzania,3.666,0.47155,0.77623,0.35700000000000004,0.3176,0.31472,0.05099,2016
307,150,Liberia,3.622,0.10706,0.50353,0.23165,0.25748000000000004,0.24063,0.04852,2016
308,151,Guinea,3.607,0.22415,0.3109,0.18829,0.30953,0.29914,0.1192,2016
309,152,Rwanda,3.515,0.32846,0.6158600000000001,0.31865,0.5432,0.23552,0.50521,2016
310,153,Benin,3.484,0.39499,0.10419,0.21028,0.39747,0.2018,0.06681000000000001,2016
311,154,Afghanistan,3.36,0.38227,0.11037,0.17344,0.1643,0.31268,0.07112,2016
312,155,Togo,3.303,0.28123000000000004,0.0,0.24811,0.34678000000000003,0.17517,0.11587,2016
313,156,Syria,3.069,0.7471899999999999,0.14866,0.6299399999999999,0.06912,0.48397,0.17232999999999998,2016
314,157,Burundi,2.905,0.06831,0.23442,0.15747,0.0432,0.2029,0.09419,2016
315,1,Norway,7.537000179290769,1.61646318435669,1.53352355957031,0.796666502952576,0.635422587394714,0.36201223731041,0.31596383452415505,2017
316,2,Denmark,7.52199983596802,1.48238301277161,1.55112159252167,0.7925655245780941,0.626006722450256,0.3552804887294771,0.40077006816864,2017
317,3,Iceland,7.50400018692017,1.480633020401,1.6105740070343,0.8335521221160892,0.6271626353263849,0.475540220737457,0.15352655947208402,2017
318,4,Switzerland,7.49399995803833,1.5649795532226598,1.51691174507141,0.858131289482117,0.620070576667786,0.29054927825927696,0.3670072853565221,2017
319,5,Finland,7.468999862670901,1.44357192516327,1.5402467250824,0.80915766954422,0.6179508566856379,0.24548277258873,0.38261154294014,2017
320,6,Netherlands,7.3769998550415,1.50394463539124,1.42893922328949,0.8106961250305179,0.5853844881057739,0.470489829778671,0.282661825418472,2017
321,7,Canada,7.31599998474121,1.47920441627502,1.48134899139404,0.83455765247345,0.611100912094116,0.435539722442627,0.287371516227722,2017
322,8,New Zealand,7.31400012969971,1.40570604801178,1.54819512367249,0.816759705543518,0.6140621304512021,0.500005125999451,0.38281670212745705,2017
323,9,Sweden,7.28399991989136,1.49438726902008,1.47816216945648,0.830875158309937,0.612924098968506,0.38539925217628496,0.384398728609085,2017
324,10,Australia,7.28399991989136,1.4844149351120002,1.5100419521331798,0.84388679265976,0.601607382297516,0.477699249982834,0.301183730363846,2017
325,11,Israel,7.212999820709231,1.3753824234008798,1.37628996372223,0.83840399980545,0.405988603830338,0.330082654953003,0.0852421000599861,2017
326,12,Costa Rica,7.0789999961853,1.10970628261566,1.4164036512374898,0.7595092654228209,0.580131649971008,0.21461322903633104,0.100106589496136,2017
327,13,Austria,7.00600004196167,1.48709726333618,1.4599449634552,0.8153284192085269,0.567766189575195,0.316472321748734,0.22106036543846105,2017
328,14,United States,6.993000030517581,1.54625928401947,1.4199205636978105,0.7742866277694699,0.505740523338318,0.392578780651093,0.135638788342476,2017
329,15,Ireland,6.977000236511231,1.5357066392898602,1.55823111534119,0.8097826242446899,0.5731103420257571,0.42785832285881,0.2983881533145901,2017
330,16,Germany,6.9510002136230495,1.48792338371277,1.47252035140991,0.798950731754303,0.562511384487152,0.33626917004585305,0.276731938123703,2017
331,17,Belgium,6.89099979400635,1.46378076076508,1.4623126983642598,0.8180918693542479,0.5397707223892211,0.23150333762168895,0.251343131065369,2017
332,18,Luxembourg,6.86299991607666,1.74194359779358,1.45758366584778,0.845089495182037,0.59662789106369,0.283180981874466,0.31883442401886,2017
333,19,United Kingdom,6.71400022506714,1.44163393974304,1.4964600801467902,0.805335938930511,0.508190035820007,0.492774158716202,0.265428066253662,2017
334,20,Chile,6.65199995040894,1.25278460979462,1.28402495384216,0.8194797039031979,0.376895278692245,0.3266624212265011,0.0822879821062088,2017
335,21,United Arab Emirates,6.6479997634887695,1.6263433694839498,1.26641023159027,0.726798236370087,0.60834527015686,0.3609419465065,0.324489563703537,2017
336,22,Brazil,6.63500022888184,1.10735321044922,1.43130600452423,0.6165523529052729,0.437453746795654,0.16234989464282998,0.111092761158943,2017
337,23,Czech Republic,6.60900020599365,1.35268235206604,1.43388521671295,0.754444003105164,0.490946173667908,0.0881067588925362,0.0368729270994663,2017
338,24,Argentina,6.59899997711182,1.18529546260834,1.44045114517212,0.695137083530426,0.4945192039012911,0.109457060694695,0.059739887714385986,2017
339,25,Mexico,6.57800006866455,1.15318381786346,1.210862159729,0.709978997707367,0.412730008363724,0.120990432798862,0.132774114608765,2017
340,26,Singapore,6.57200002670288,1.69227766990662,1.35381436347961,0.9494923949241642,0.549840569496155,0.345965981483459,0.46430778503418,2017
341,27,Malta,6.52699995040894,1.34327983856201,1.48841166496277,0.821944236755371,0.588767051696777,0.5747305750846861,0.153066068887711,2017
342,28,Uruguay,6.4539999961853,1.21755969524384,1.41222786903381,0.719216823577881,0.5793922543525699,0.175096929073334,0.17806187272071802,2017
343,29,Guatemala,6.4539999961853,0.872001945972443,1.25558519363403,0.540239989757538,0.5313106179237371,0.283488392829895,0.0772232785820961,2017
344,30,Panama,6.4520001411438,1.23374843597412,1.3731925487518302,0.706156134605408,0.550026834011078,0.21055693924427,0.070983923971653,2017
345,31,France,6.44199991226196,1.43092346191406,1.38777685165405,0.8444658517837521,0.470222115516663,0.129762306809425,0.172502428293228,2017
346,32,Thailand,6.423999786376951,1.12786877155304,1.4257924556732198,0.647239029407501,0.580200731754303,0.572123110294342,0.0316127352416515,2017
347,33,Taiwan Province of China,6.42199993133545,1.4336265325546298,1.38456535339355,0.793984234333038,0.361466586589813,0.258360475301743,0.0638292357325554,2017
348,34,Spain,6.40299987792969,1.38439786434174,1.53209090232849,0.888960599899292,0.408781230449677,0.190133571624756,0.0709140971302986,2017
349,35,Qatar,6.375,1.87076568603516,1.27429687976837,0.7100980877876278,0.604130983352661,0.33047387003898604,0.4392992556095121,2017
350,36,Colombia,6.35699987411499,1.07062232494354,1.4021829366683998,0.595027923583984,0.477487415075302,0.14901447296142598,0.0466687418520451,2017
351,37,Saudi Arabia,6.343999862670901,1.53062355518341,1.28667759895325,0.590148329734802,0.449750572443008,0.147616013884544,0.27343225479126004,2017
352,38,Trinidad and Tobago,6.1680002212524405,1.36135590076447,1.3802285194397,0.5199832916259771,0.518630743026733,0.32529646158218395,0.00896481610834599,2017
353,39,Kuwait,6.10500001907349,1.63295245170593,1.25969874858856,0.6321057081222529,0.496337592601776,0.228289797902107,0.21515955030918105,2017
354,40,Slovakia,6.09800004959106,1.32539355754852,1.5050592422485398,0.712732911109924,0.295817464590073,0.136544480919838,0.0242108516395092,2017
355,41,Bahrain,6.08699989318848,1.48841226100922,1.3231104612350502,0.653133034706116,0.536746919155121,0.17266848683357194,0.257042169570923,2017
356,42,Malaysia,6.08400011062622,1.29121541976929,1.28464603424072,0.618784427642822,0.4022649824619289,0.416608929634094,0.0656007081270218,2017
357,43,Nicaragua,6.07100009918213,0.737299203872681,1.28721570968628,0.6530959606170649,0.447551846504211,0.301674216985703,0.130687981843948,2017
358,44,Ecuador,6.00799989700317,1.00082039833069,1.28616881370544,0.685636222362518,0.4551981985569,0.15011246502399406,0.140134647488594,2017
359,45,El Salvador,6.0029997825622585,0.909784495830536,1.1821250915527302,0.596018552780151,0.432452529668808,0.0782579854130745,0.0899809598922729,2017
360,46,Poland,5.97300004959106,1.29178786277771,1.44571197032928,0.699475347995758,0.520342111587524,0.158465966582298,0.0593078061938286,2017
361,47,Uzbekistan,5.97100019454956,0.786441087722778,1.54896914958954,0.498272627592087,0.6582486629486078,0.415983647108078,0.246528223156929,2017
362,48,Italy,5.96400022506714,1.39506661891937,1.44492328166962,0.8531443476676941,0.256450712680817,0.17278964817523998,0.0280280914157629,2017
363,49,Russia,5.962999820709231,1.28177809715271,1.46928238868713,0.547349333763123,0.373783111572266,0.0522638224065304,0.0329628810286522,2017
364,50,Belize,5.955999851226809,0.907975316047668,1.08141779899597,0.450191766023636,0.5475093722343439,0.24001564085483604,0.0965810716152191,2017
365,51,Japan,5.92000007629395,1.41691517829895,1.43633782863617,0.9134758710861208,0.505625545978546,0.12057276815176,0.163760736584663,2017
366,52,Lithuania,5.90199995040894,1.3145823478698702,1.47351610660553,0.62894994020462,0.234231784939766,0.010164656676352,0.0118656428530812,2017
367,53,Algeria,5.8720002174377415,1.09186446666718,1.1462174654007,0.6175846457481379,0.233335807919502,0.0694366469979286,0.14609611034393302,2017
368,54,Latvia,5.849999904632571,1.26074862480164,1.40471494197845,0.638566970825195,0.325707912445068,0.153074786067009,0.0738427266478539,2017
369,55,South Korea,5.837999820709231,1.40167844295502,1.1282744407653795,0.900214076042175,0.257921665906906,0.206674367189407,0.0632826685905457,2017
370,56,Moldova,5.837999820709231,0.7288706302642819,1.25182557106018,0.5894652009010309,0.240729048848152,0.20877912640571605,0.0100912861526012,2017
371,57,Romania,5.824999809265139,1.21768391132355,1.15009129047394,0.6851583123207089,0.457003742456436,0.133519917726517,0.004387900698930029,2017
372,58,Bolivia,5.82299995422363,0.833756566047668,1.22761905193329,0.4736302495002751,0.5587329268455511,0.22556072473526,0.0604777261614799,2017
373,59,Turkmenistan,5.82200002670288,1.1307767629623402,1.49314916133881,0.437726080417633,0.41827192902565,0.24992498755455,0.2592703402042389,2017
374,60,Kazakhstan,5.8189997673034695,1.2845562696456898,1.38436901569366,0.6060415506362921,0.43745428323745705,0.20196442306041695,0.11928288638591802,2017
375,61,North Cyprus,5.80999994277954,1.3469113111496,1.18630337715149,0.834647238254547,0.471203625202179,0.266845703125,0.155353352427483,2017
376,62,Slovenia,5.75799989700317,1.3412059545517,1.4525188207626298,0.7908282279968258,0.572575807571411,0.242649093270302,0.0451289787888527,2017
377,63,Peru,5.71500015258789,1.03522527217865,1.21877038478851,0.6301661133766171,0.4500028789043429,0.126819714903831,0.0470490865409374,2017
378,64,Mauritius,5.62900018692017,1.18939554691315,1.20956099033356,0.6380074620246889,0.491247326135635,0.360933750867844,0.0421815551817417,2017
379,65,Cyprus,5.62099981307983,1.35593807697296,1.13136327266693,0.84471470117569,0.35511153936386103,0.271254301071167,0.0412379764020443,2017
380,66,Estonia,5.61100006103516,1.3208793401718102,1.47667109966278,0.695168316364288,0.479131430387497,0.0988908112049103,0.18324892222881306,2017
381,67,Belarus,5.5689997673034695,1.15655755996704,1.4449452161788898,0.6377142667770389,0.295400261878967,0.15513750910759,0.156313821673393,2017
382,68,Libya,5.525000095367429,1.10180306434631,1.35756433010101,0.520169019699097,0.465733230113983,0.15207366645336198,0.0926102101802826,2017
383,69,Turkey,5.5,1.1982743740081798,1.33775317668915,0.6376056075096129,0.300740599632263,0.0466930419206619,0.0996715798974037,2017
384,70,Paraguay,5.493000030517581,0.932537317276001,1.50728487968445,0.579250693321228,0.473507791757584,0.224150657653809,0.091065913438797,2017
385,71,"Hong Kong S.A.R., China",5.47200012207031,1.55167484283447,1.26279091835022,0.943062424659729,0.490968644618988,0.374465793371201,0.293933749198914,2017
386,72,Philippines,5.42999982833862,0.85769921541214,1.25391757488251,0.468009054660797,0.585214674472809,0.193513423204422,0.0993318930268288,2017
387,73,Serbia,5.39499998092651,1.06931757926941,1.2581897974014298,0.65078467130661,0.20871552824974104,0.22012588381767295,0.0409037806093693,2017
388,74,Jordan,5.33599996566772,0.9910123944282528,1.23908889293671,0.6045900583267211,0.418421149253845,0.17217046022415194,0.11980327218771003,2017
389,75,Hungary,5.32399988174438,1.2860119342803995,1.34313309192657,0.6877634525299069,0.17586351931095098,0.0784016624093056,0.0366369374096394,2017
390,76,Jamaica,5.31099987030029,0.925579309463501,1.3682180643081698,0.6410223841667181,0.474307239055634,0.23381833732128104,0.0552677810192108,2017
391,77,Croatia,5.2930002212524405,1.22255623340607,0.96798300743103,0.701288521289825,0.255772292613983,0.248002976179123,0.0431031100451946,2017
392,78,Kosovo,5.27899980545044,0.951484382152557,1.13785350322723,0.541452050209045,0.260287940502167,0.319931447505951,0.0574716180562973,2017
393,79,China,5.2729997634887695,1.08116579055786,1.16083741188049,0.741415500640869,0.472787708044052,0.0288068410009146,0.0227942746132612,2017
394,80,Pakistan,5.26900005340576,0.7268835306167599,0.6726906895637509,0.402047783136368,0.23521526157856,0.3154460191726681,0.124348066747189,2017
395,81,Indonesia,5.26200008392334,0.995538592338562,1.27444469928741,0.4923457205295561,0.443323463201523,0.611704587936401,0.0153171354904771,2017
396,82,Venezuela,5.25,1.12843120098114,1.43133759498596,0.617144227027893,0.15399712324142498,0.0650196298956871,0.0644911229610443,2017
397,83,Montenegro,5.23699998855591,1.12112903594971,1.23837649822235,0.6674646735191351,0.194989055395126,0.197911024093628,0.0881741940975189,2017
398,84,Morocco,5.2350001335144,0.8781145811080929,0.774864435195923,0.59771066904068,0.408158332109451,0.0322099551558495,0.0877631828188896,2017
399,85,Azerbaijan,5.2340002059936515,1.1536017656326298,1.15240025520325,0.5407757759094239,0.3981558382511141,0.0452693402767181,0.180987507104874,2017
400,86,Dominican Republic,5.230000019073491,1.07937383651733,1.4024167060852095,0.574873745441437,0.55258983373642,0.186967849731445,0.113945253193378,2017
401,87,Greece,5.227000236511231,1.28948748111725,1.23941457271576,0.8101989030838009,0.0957312509417534,0.0,0.04328977689147,2017
402,88,Lebanon,5.22499990463257,1.07498753070831,1.12962424755096,0.7350810766220089,0.28851598501205394,0.26445075869560203,0.037513829767704,2017
403,89,Portugal,5.19500017166138,1.3151752948761002,1.36704301834106,0.795843541622162,0.498465299606323,0.0951027125120163,0.0158694516867399,2017
404,90,Bosnia and Herzegovina,5.18200016021729,0.982409417629242,1.0693359375,0.705186307430267,0.204403176903725,0.328867495059967,0.0,2017
405,91,Honduras,5.1810002326965305,0.730573117733002,1.14394497871399,0.582569479942322,0.348079860210419,0.23618887364864305,0.0733454525470734,2017
406,92,Macedonia,5.1750001907348615,1.06457793712616,1.20789301395416,0.644948184490204,0.325905978679657,0.25376096367836,0.0602777935564518,2017
407,93,Somalia,5.151000022888179,0.0226431842893362,0.7211513519287109,0.113989137113094,0.602126955986023,0.291631311178207,0.28241032361984303,2017
408,94,Vietnam,5.07399988174438,0.7885475754737851,1.27749133110046,0.6521689891815191,0.571055591106415,0.234968051314354,0.0876332372426987,2017
409,95,Nigeria,5.07399988174438,0.783756256103516,1.21577048301697,0.0569157302379608,0.394952565431595,0.230947196483612,0.0261215660721064,2017
410,96,Tajikistan,5.04099988937378,0.524713635444641,1.27146327495575,0.5292351245880129,0.471566706895828,0.24899764358997306,0.14637714624404902,2017
411,97,Bhutan,5.01100015640259,0.885416388511658,1.3401265144348102,0.495879292488098,0.5015376806259161,0.474054545164108,0.17338038980960802,2017
412,98,Kyrgyzstan,5.0040001869201705,0.5962200760841371,1.39423859119415,0.553457796573639,0.454943388700485,0.42858037352562,0.0394391790032387,2017
413,99,Nepal,4.961999893188481,0.479820191860199,1.17928326129913,0.504130780696869,0.4403059482574461,0.3940961658954621,0.0729755461215973,2017
414,100,Mongolia,4.95499992370605,1.02723586559296,1.4930112361908,0.557783484458923,0.3941439688205721,0.338464230298996,0.0329022891819477,2017
415,101,South Africa,4.8289999961853,1.05469870567322,1.38478863239288,0.18708007037639604,0.479246735572815,0.13936237990856198,0.0725094974040985,2017
416,102,Tunisia,4.80499982833862,1.00726580619812,0.8683514595031742,0.613212049007416,0.289680689573288,0.0496933571994305,0.0867231488227844,2017
417,103,Palestinian Territories,4.77500009536743,0.716249227523804,1.15564715862274,0.565666973590851,0.25471106171608,0.114173173904419,0.0892826020717621,2017
418,104,Egypt,4.7350001335144,0.989701807498932,0.997471392154694,0.520187258720398,0.28211015462875394,0.128631442785263,0.114381365478039,2017
419,105,Bulgaria,4.71400022506714,1.1614590883255,1.43437945842743,0.708217680454254,0.2892317175865169,0.113177694380283,0.0110515309497714,2017
420,106,Sierra Leone,4.70900011062622,0.36842092871666,0.984136044979095,0.005564753897488121,0.318697690963745,0.293040901422501,0.0710951760411263,2017
421,107,Cameroon,4.69500017166138,0.564305365085602,0.946018218994141,0.132892116904259,0.430388748645782,0.23629845678806305,0.0513066314160824,2017
422,108,Iran,4.69199991226196,1.15687310695648,0.7115512490272521,0.639333188533783,0.24932260811328896,0.387242913246155,0.048761073499918005,2017
423,109,Albania,4.64400005340576,0.996192753314972,0.8036852478981021,0.731159746646881,0.381498634815216,0.201312944293022,0.0398642159998417,2017
424,110,Bangladesh,4.60799980163574,0.586682975292206,0.735131740570068,0.533241033554077,0.478356659412384,0.17225535213947304,0.123717859387398,2017
425,111,Namibia,4.57399988174438,0.964434325695038,1.0984708070755,0.33861181139946,0.520303547382355,0.0771337449550629,0.0931469723582268,2017
426,112,Kenya,4.55299997329712,0.560479462146759,1.06795072555542,0.30998834967613204,0.452763766050339,0.444860309362411,0.0646413192152977,2017
427,113,Mozambique,4.5500001907348615,0.234305649995804,0.870701014995575,0.106654435396194,0.480791091918945,0.322228103876114,0.17943638563156106,2017
428,114,Myanmar,4.54500007629395,0.36711055040359497,1.12323594093323,0.397522568702698,0.514492034912109,0.8380751609802249,0.188816204667091,2017
429,115,Senegal,4.53499984741211,0.479309022426605,1.17969191074371,0.409362852573395,0.37792226672172496,0.183468893170357,0.115460447967052,2017
430,116,Zambia,4.513999938964839,0.6364067792892459,1.00318729877472,0.25783589482307395,0.461603492498398,0.249580144882202,0.0782135501503944,2017
431,117,Iraq,4.49700021743774,1.1027104854583702,0.978613197803497,0.501180469989777,0.288555532693863,0.19963726401329,0.107215754687786,2017
432,118,Gabon,4.46500015258789,1.1982102394104,1.1556202173233,0.35657858848571794,0.31232857704162603,0.0437853783369064,0.0760467872023582,2017
433,119,Ethiopia,4.46000003814697,0.339233845472336,0.8646692037582401,0.353409707546234,0.408842742443085,0.31265074014663696,0.16545571386814098,2017
434,120,Sri Lanka,4.44000005722046,1.00985014438629,1.25997638702393,0.625130832195282,0.561213254928589,0.490863561630249,0.0736539661884308,2017
435,121,Armenia,4.37599992752075,0.900596737861633,1.00748372077942,0.637524425983429,0.198303267359734,0.0834880918264389,0.0266744215041399,2017
436,122,India,4.31500005722046,0.7922212481498722,0.754372596740723,0.455427616834641,0.469987004995346,0.23153848946094505,0.0922268852591515,2017
437,123,Mauritania,4.29199981689453,0.6484572887420649,1.2720308303833,0.285349279642105,0.0960980430245399,0.201870024204254,0.136957004666328,2017
438,124,Congo (Brazzaville),4.29099988937378,0.8089642524719242,0.8320443630218509,0.28995743393898,0.4350258708000179,0.12085212767124197,0.0796181336045265,2017
439,125,Georgia,4.28599977493286,0.950612664222717,0.57061493396759,0.649546980857849,0.309410035610199,0.0540088154375553,0.25166663527488703,2017
440,126,Congo (Kinshasa),4.280000209808351,0.0921023488044739,1.22902345657349,0.191407024860382,0.235961347818375,0.246455833315849,0.0602413564920425,2017
441,127,Mali,4.19000005722046,0.476180493831635,1.2814733982086202,0.16936567425727805,0.306613743305206,0.183354198932648,0.10497024655342098,2017
442,128,Ivory Coast,4.17999982833862,0.6030489206314089,0.904780030250549,0.0486421696841717,0.4477061927318571,0.201237469911575,0.130061775445938,2017
443,129,Cambodia,4.1680002212524405,0.6017650961875921,1.00623834133148,0.429783403873444,0.633375823497772,0.385922968387604,0.0681059509515762,2017
444,130,Sudan,4.138999938964839,0.6595166921615601,1.21400856971741,0.290920823812485,0.0149958552792668,0.182317450642586,0.089847519993782,2017
445,131,Ghana,4.11999988555908,0.667224824428558,0.873664736747742,0.29563772678375205,0.423026293516159,0.25692394375801103,0.0253363698720932,2017
446,132,Ukraine,4.09600019454956,0.89465194940567,1.39453756809235,0.575903952121735,0.122974775731564,0.270061463117599,0.0230294708162546,2017
447,133,Uganda,4.08099985122681,0.381430715322495,1.12982773780823,0.21763260662555706,0.443185955286026,0.32576605677604703,0.057069718837738,2017
448,134,Burkina Faso,4.03200006484985,0.3502277135849001,1.04328000545502,0.21584425866603896,0.32436785101890603,0.250864684581757,0.12032810598611805,2017
449,135,Niger,4.02799987792969,0.16192533075809498,0.993025004863739,0.26850500702858,0.36365869641304,0.228673845529556,0.13857294619083402,2017
450,136,Malawi,3.97000002861023,0.233442038297653,0.5125688314437871,0.315089583396912,0.466914653778076,0.28717046976089505,0.0727116540074348,2017
451,137,Chad,3.9360001087188703,0.43801298737525896,0.953855872154236,0.0411347150802612,0.16234202682972002,0.216113850474358,0.0535818822681904,2017
452,138,Zimbabwe,3.875,0.3758465349674221,1.08309590816498,0.19676375389099104,0.336384207010269,0.189143493771553,0.0953753814101219,2017
453,139,Lesotho,3.80800008773804,0.521021246910095,1.19009518623352,0.0,0.390661299228668,0.157497271895409,0.119094640016556,2017
454,140,Angola,3.79500007629395,0.8584281802177429,1.10441195964813,0.0498686656355858,0.0,0.09792649000883097,0.0697203353047371,2017
455,141,Afghanistan,3.79399991035461,0.401477217674255,0.581543326377869,0.18074677884578694,0.106179520487785,0.311870932579041,0.0611578300595284,2017
456,142,Botswana,3.7660000324249294,1.12209415435791,1.22155499458313,0.34175550937652605,0.505196332931519,0.0993484482169151,0.0985831990838051,2017
457,143,Benin,3.65700006484985,0.43108540773391707,0.435299843549728,0.20993021130561804,0.42596277594566295,0.207948461174965,0.0609290152788162,2017
458,144,Madagascar,3.64400005340576,0.305808693170547,0.9130203723907472,0.375223308801651,0.18919676542282104,0.208732530474663,0.0672319754958153,2017
459,145,Haiti,3.6029999256134,0.368610262870789,0.640449821949005,0.277321130037308,0.0303698573261499,0.4892037808895109,0.0998721495270729,2017
460,146,Yemen,3.59299993515015,0.5916834473609921,0.93538224697113,0.310080915689468,0.24946372210979506,0.104125209152699,0.0567674227058887,2017
461,147,South Sudan,3.5910000801086404,0.39724862575531,0.601323127746582,0.163486003875732,0.147062435746193,0.285670816898346,0.116793513298035,2017
462,148,Liberia,3.532999992370609,0.119041793048382,0.8721179366111759,0.229918196797371,0.33288118243217496,0.26654988527298,0.0389482490718365,2017
463,149,Guinea,3.50699996948242,0.24454993009567305,0.7912446856498722,0.194129139184952,0.348587512969971,0.264815092086792,0.110937617719173,2017
464,150,Togo,3.4949998855590803,0.3054447174072269,0.4318825304508211,0.247105568647385,0.38042613863945,0.19689615070819896,0.0956650152802467,2017
465,151,Rwanda,3.47099995613098,0.368745893239975,0.945707023143768,0.326424807310104,0.5818438529968261,0.2527560293674469,0.455220013856888,2017
466,152,Syria,3.46199989318848,0.777153134346008,0.396102607250214,0.5005333423614501,0.0815394446253777,0.493663728237152,0.15134713053703305,2017
467,153,Tanzania,3.34899997711182,0.511135876178741,1.04198980331421,0.364509284496307,0.390017777681351,0.354256361722946,0.0660351067781448,2017
468,154,Burundi,2.90499997138977,0.091622568666935,0.629793584346771,0.151610791683197,0.0599007532000542,0.20443518459796894,0.0841479450464249,2017
469,155,Central African Republic,2.69300007820129,0.0,0.0,0.0187726859003305,0.270842045545578,0.280876487493515,0.0565650761127472,2017
470,1,Finland,7.6320000000000014,1.305,1.592,0.8740000000000001,0.6809999999999999,0.202,0.393,2018
471,2,Norway,7.5939999999999985,1.456,1.582,0.861,0.6859999999999999,0.28600000000000003,0.34,2018
472,3,Denmark,7.555,1.351,1.59,0.868,0.6829999999999999,0.284,0.408,2018
473,4,Iceland,7.495,1.3430000000000002,1.644,0.914,0.677,0.353,0.138,2018
474,5,Switzerland,7.487,1.42,1.5490000000000002,0.927,0.66,0.256,0.35700000000000004,2018
475,6,Netherlands,7.441,1.361,1.4880000000000002,0.878,0.638,0.333,0.295,2018
476,7,Canada,7.3279999999999985,1.33,1.5319999999999998,0.8959999999999999,0.653,0.321,0.29100000000000004,2018
477,8,New Zealand,7.324,1.268,1.601,0.8759999999999999,0.669,0.365,0.389,2018
478,9,Sweden,7.314,1.355,1.501,0.913,0.659,0.285,0.383,2018
479,10,Australia,7.272,1.34,1.5730000000000002,0.91,0.647,0.361,0.302,2018
480,11,United Kingdom,7.19,1.244,1.433,0.888,0.464,0.262,0.08199999999999999,2018
481,12,Austria,7.1389999999999985,1.341,1.504,0.8909999999999999,0.617,0.242,0.224,2018
482,13,Costa Rica,7.072,1.01,1.459,0.8170000000000001,0.632,0.14300000000000002,0.101,2018
483,14,Ireland,6.977,1.4480000000000002,1.5830000000000002,0.8759999999999999,0.614,0.307,0.306,2018
484,15,Germany,6.965,1.34,1.474,0.861,0.586,0.273,0.28,2018
485,16,Belgium,6.9270000000000005,1.324,1.483,0.894,0.583,0.188,0.24,2018
486,17,Luxembourg,6.91,1.5759999999999998,1.52,0.8959999999999999,0.632,0.196,0.321,2018
487,18,United States,6.886,1.398,1.471,0.8190000000000001,0.547,0.29100000000000004,0.133,2018
488,19,Israel,6.814,1.301,1.5590000000000002,0.883,0.5329999999999999,0.354,0.272,2018
489,20,United Arab Emirates,6.774,2.096,0.7759999999999999,0.67,0.284,0.18600000000000005,,2018
490,21,Czech Republic,6.711,1.233,1.489,0.8540000000000001,0.5429999999999999,0.064,0.034,2018
491,22,Malta,6.627000000000002,1.27,1.525,0.884,0.645,0.376,0.142,2018
492,23,France,6.489,1.293,1.466,0.908,0.52,0.098,0.17600000000000002,2018
493,24,Mexico,6.488,1.038,1.252,0.7609999999999999,0.479,0.069,0.095,2018
494,25,Chile,6.476,1.131,1.331,0.8079999999999999,0.431,0.197,0.061,2018
495,26,Taiwan,6.441,1.365,1.436,0.857,0.418,0.151,0.078,2018
496,27,Panama,6.43,1.112,1.4380000000000002,0.759,0.597,0.125,0.063,2018
497,28,Brazil,6.419,0.986,1.474,0.675,0.493,0.11,0.08800000000000001,2018
498,29,Argentina,6.388,1.073,1.4680000000000002,0.7440000000000001,0.57,0.062,0.054000000000000006,2018
499,30,Guatemala,6.3820000000000014,0.7809999999999999,1.268,0.608,0.604,0.179,0.071,2018
500,31,Uruguay,6.379,1.093,1.459,0.7709999999999999,0.625,0.13,0.155,2018
501,32,Qatar,6.374,1.649,1.3030000000000002,0.748,0.654,0.256,0.171,2018
502,33,Saudi Arabia,6.371,1.379,1.331,0.633,0.509,0.098,0.127,2018
503,34,Singapore,6.343,1.529,1.4509999999999998,1.008,0.631,0.261,0.457,2018
504,35,Malaysia,6.322,1.161,1.258,0.669,0.35600000000000004,0.311,0.059,2018
505,36,Spain,6.31,1.251,1.538,0.965,0.449,0.142,0.07400000000000001,2018
506,37,Colombia,6.26,0.96,1.439,0.635,0.531,0.099,0.039,2018
507,38,Trinidad & Tobago,6.192,1.223,1.492,0.564,0.575,0.171,0.019,2018
508,39,Slovakia,6.172999999999999,1.21,1.537,0.7759999999999999,0.354,0.118,0.014,2018
509,40,El Salvador,6.167000000000002,0.8059999999999999,1.231,0.639,0.461,0.065,0.08199999999999999,2018
510,41,Nicaragua,6.141,0.6679999999999999,1.319,0.7,0.527,0.208,0.128,2018
511,42,Poland,6.122999999999998,1.176,1.4480000000000002,0.7809999999999999,0.546,0.108,0.064,2018
512,43,Bahrain,6.105,1.338,1.366,0.698,0.594,0.243,0.123,2018
513,44,Uzbekistan,6.096,0.7190000000000001,1.584,0.605,0.7240000000000001,0.328,0.259,2018
514,45,Kuwait,6.082999999999998,1.474,1.301,0.675,0.5539999999999999,0.16699999999999998,0.106,2018
515,46,Thailand,6.072,1.016,1.4169999999999998,0.7070000000000001,0.637,0.364,0.029,2018
516,47,Italy,6.0,1.264,1.501,0.946,0.281,0.13699999999999998,0.028,2018
517,48,Ecuador,5.973,0.889,1.33,0.736,0.556,0.114,0.12,2018
518,49,Belize,5.956,0.807,1.101,0.474,0.593,0.183,0.08900000000000001,2018
519,50,Lithuania,5.952000000000001,1.197,1.527,0.716,0.35,0.026,0.006,2018
520,51,Slovenia,5.948,1.219,1.506,0.856,0.633,0.16,0.051,2018
521,52,Romania,5.945,1.116,1.219,0.726,0.528,0.08800000000000001,0.001,2018
522,53,Latvia,5.933,1.148,1.454,0.6709999999999999,0.363,0.092,0.066,2018
523,54,Japan,5.915,1.294,1.462,0.988,0.5529999999999999,0.079,0.15,2018
524,55,Mauritius,5.891,1.09,1.3869999999999998,0.684,0.584,0.245,0.05,2018
525,56,Jamaica,5.89,0.8190000000000001,1.493,0.693,0.575,0.096,0.031,2018
526,57,South Korea,5.875,1.266,1.204,0.955,0.244,0.175,0.051,2018
527,58,Northern Cyprus,5.835,1.229,1.211,0.909,0.495,0.179,0.154,2018
528,59,Russia,5.81,1.151,1.479,0.599,0.399,0.065,0.025,2018
529,60,Kazakhstan,5.79,1.143,1.516,0.631,0.454,0.14800000000000002,0.121,2018
530,61,Cyprus,5.7620000000000005,1.229,1.1909999999999998,0.909,0.423,0.202,0.035,2018
531,62,Bolivia,5.752000000000002,0.7509999999999999,1.223,0.508,0.606,0.141,0.054000000000000006,2018
532,63,Estonia,5.739,1.2,1.5319999999999998,0.737,0.5529999999999999,0.086,0.174,2018
533,64,Paraguay,5.681,0.835,1.5219999999999998,0.615,0.541,0.162,0.07400000000000001,2018
534,65,Peru,5.6629999999999985,0.934,1.249,0.674,0.53,0.092,0.034,2018
535,66,Kosovo,5.662000000000001,0.855,1.23,0.578,0.448,0.274,0.023,2018
536,67,Moldova,5.64,0.657,1.301,0.62,0.232,0.171,0.0,2018
537,68,Turkmenistan,5.636,1.016,1.533,0.517,0.417,0.199,0.037000000000000005,2018
538,69,Hungary,5.62,1.171,1.401,0.732,0.259,0.061,0.022,2018
539,70,Libya,5.566,0.985,1.35,0.5529999999999999,0.496,0.116,0.14800000000000002,2018
540,71,Philippines,5.524,0.775,1.3119999999999998,0.513,0.643,0.12,0.105,2018
541,72,Honduras,5.504,0.62,1.205,0.622,0.459,0.197,0.07400000000000001,2018
542,73,Belarus,5.483,1.039,1.4980000000000002,0.7,0.307,0.101,0.154,2018
543,74,Turkey,5.483,1.148,1.38,0.6859999999999999,0.324,0.106,0.109,2018
544,75,Pakistan,5.472,0.652,0.81,0.424,0.334,0.21600000000000005,0.113,2018
545,76,Hong Kong,5.43,1.405,1.29,1.03,0.524,0.246,0.29100000000000004,2018
546,77,Portugal,5.41,1.188,1.429,0.884,0.562,0.055,0.017,2018
547,78,Serbia,5.398,0.975,1.369,0.685,0.28800000000000003,0.134,0.043,2018
548,79,Greece,5.358,1.154,1.202,0.879,0.131,0.0,0.044,2018
549,80,Lebanon,5.358,0.965,1.179,0.785,0.503,0.214,0.136,2018
550,81,Montenegro,5.347,1.017,1.279,0.7290000000000001,0.259,0.111,0.081,2018
551,82,Croatia,5.3210000000000015,1.115,1.161,0.737,0.38,0.12,0.039,2018
552,83,Dominican Republic,5.3020000000000005,0.982,1.4409999999999998,0.614,0.578,0.12,0.106,2018
553,84,Algeria,5.295,0.979,1.154,0.687,0.077,0.055,0.135,2018
554,85,Morocco,5.254,0.779,0.797,0.669,0.46,0.026,0.07400000000000001,2018
555,86,China,5.246,0.989,1.142,0.799,0.597,0.029,0.103,2018
556,87,Azerbaijan,5.2010000000000005,1.024,1.161,0.603,0.43,0.031,0.17600000000000002,2018
557,88,Tajikistan,5.199,0.474,1.166,0.598,0.292,0.187,0.034,2018
558,89,Macedonia,5.185,0.959,1.239,0.691,0.394,0.173,0.052000000000000005,2018
559,90,Jordan,5.1610000000000005,0.8220000000000001,1.265,0.645,0.468,0.13,0.134,2018
560,91,Nigeria,5.155,0.6890000000000001,1.172,0.048,0.462,0.201,0.032,2018
561,92,Kyrgyzstan,5.131,0.53,1.416,0.594,0.54,0.281,0.035,2018
562,93,Bosnia and Herzegovina,5.129,0.915,1.078,0.758,0.28,0.21600000000000005,0.0,2018
563,94,Mongolia,5.125,0.914,1.517,0.575,0.395,0.253,0.032,2018
564,95,Vietnam,5.103,0.715,1.365,0.7020000000000001,0.618,0.177,0.079,2018
565,96,Indonesia,5.093,0.899,1.215,0.522,0.5379999999999999,0.484,0.018000000000000002,2018
566,97,Bhutan,5.082,0.7959999999999999,1.335,0.527,0.541,0.364,0.171,2018
567,98,Somalia,4.982,0.0,0.7120000000000001,0.115,0.674,0.238,0.282,2018
568,99,Cameroon,4.975,0.535,0.8909999999999999,0.182,0.454,0.183,0.043,2018
569,100,Bulgaria,4.933,1.054,1.515,0.7120000000000001,0.359,0.064,0.009000000000000001,2018
570,101,Nepal,4.88,0.425,1.228,0.539,0.526,0.302,0.078,2018
571,102,Venezuela,4.806,0.996,1.469,0.657,0.133,0.056,0.052000000000000005,2018
572,103,Gabon,4.758,1.036,1.164,0.404,0.35600000000000004,0.032,0.052000000000000005,2018
573,104,Palestinian Territories,4.743,0.642,1.217,0.602,0.266,0.086,0.076,2018
574,105,South Africa,4.724,0.94,1.41,0.33,0.516,0.103,0.056,2018
575,106,Iran,4.707,1.0590000000000002,0.7709999999999999,0.691,0.459,0.282,0.129,2018
576,107,Ivory Coast,4.671,0.541,0.872,0.08,0.467,0.146,0.103,2018
577,108,Ghana,4.657,0.5920000000000001,0.8959999999999999,0.337,0.499,0.212,0.029,2018
578,109,Senegal,4.631,0.429,1.117,0.433,0.406,0.138,0.08199999999999999,2018
579,110,Laos,4.623,0.72,1.034,0.441,0.626,0.23,0.174,2018
580,111,Tunisia,4.592,0.9,0.906,0.69,0.271,0.04,0.063,2018
581,112,Albania,4.586,0.916,0.8170000000000001,0.79,0.419,0.149,0.032,2018
582,113,Sierra Leone,4.5710000000000015,0.256,0.813,0.0,0.355,0.238,0.053,2018
583,114,Congo (Brazzaville),4.559,0.682,0.8109999999999999,0.343,0.514,0.091,0.077,2018
584,115,Bangladesh,4.5,0.532,0.85,0.579,0.58,0.153,0.14400000000000002,2018
585,116,Sri Lanka,4.471,0.918,1.314,0.672,0.585,0.307,0.05,2018
586,117,Iraq,4.456,1.01,0.971,0.536,0.304,0.14800000000000002,0.095,2018
587,118,Mali,4.447,0.37,1.233,0.152,0.3670000000000001,0.139,0.056,2018
588,119,Namibia,4.441,0.8740000000000001,1.281,0.365,0.519,0.051,0.064,2018
589,120,Cambodia,4.433,0.5489999999999999,1.088,0.457,0.696,0.256,0.065,2018
590,121,Burkina Faso,4.424,0.314,1.097,0.254,0.312,0.175,0.128,2018
591,122,Egypt,4.419,0.885,1.025,0.5529999999999999,0.312,0.092,0.107,2018
592,123,Mozambique,4.417,0.198,0.902,0.173,0.531,0.206,0.158,2018
593,124,Kenya,4.41,0.493,1.048,0.454,0.504,0.35200000000000004,0.055,2018
594,125,Zambia,4.377,0.562,1.047,0.295,0.503,0.221,0.08199999999999999,2018
595,126,Mauritania,4.356,0.557,1.245,0.292,0.129,0.134,0.093,2018
596,127,Ethiopia,4.35,0.308,0.95,0.391,0.452,0.22,0.146,2018
597,128,Georgia,4.34,0.853,0.5920000000000001,0.643,0.375,0.038,0.215,2018
598,129,Armenia,4.3210000000000015,0.816,0.99,0.6659999999999999,0.26,0.077,0.028,2018
599,130,Myanmar,4.308,0.682,1.1740000000000002,0.429,0.58,0.598,0.17800000000000002,2018
600,131,Chad,4.301,0.358,0.907,0.053,0.189,0.181,0.06,2018
601,132,Congo (Kinshasa),4.245,0.069,1.136,0.204,0.312,0.197,0.052000000000000005,2018
602,133,India,4.19,0.721,0.747,0.485,0.539,0.172,0.093,2018
603,134,Niger,4.166,0.131,0.867,0.221,0.39,0.175,0.099,2018
604,135,Uganda,4.1610000000000005,0.322,1.09,0.237,0.45,0.259,0.061,2018
605,136,Benin,4.141,0.378,0.3720000000000001,0.24,0.44,0.163,0.067,2018
606,137,Sudan,4.1389999999999985,0.605,1.24,0.312,0.016,0.134,0.08199999999999999,2018
607,138,Ukraine,4.103,0.7929999999999999,1.413,0.609,0.163,0.187,0.011,2018
608,139,Togo,3.999,0.259,0.474,0.253,0.434,0.158,0.101,2018
609,140,Guinea,3.964,0.344,0.792,0.211,0.394,0.185,0.094,2018
610,141,Lesotho,3.808,0.472,1.215,0.079,0.423,0.116,0.112,2018
611,142,Angola,3.795,0.73,1.125,0.269,0.0,0.079,0.061,2018
612,143,Madagascar,3.774,0.262,0.908,0.402,0.221,0.155,0.049,2018
613,144,Zimbabwe,3.692,0.35700000000000004,1.094,0.248,0.406,0.132,0.099,2018
614,145,Afghanistan,3.632,0.332,0.537,0.255,0.085,0.191,0.036000000000000004,2018
615,146,Botswana,3.59,1.017,1.1740000000000002,0.417,0.557,0.042,0.092,2018
616,147,Malawi,3.587,0.18600000000000005,0.541,0.306,0.531,0.21,0.08,2018
617,148,Haiti,3.582,0.315,0.7140000000000001,0.289,0.025,0.392,0.104,2018
618,149,Liberia,3.495,0.076,0.858,0.267,0.419,0.206,0.03,2018
619,150,Syria,3.462,0.6890000000000001,0.382,0.539,0.08800000000000001,0.376,0.14400000000000002,2018
620,151,Rwanda,3.408,0.332,0.8959999999999999,0.4,0.636,0.2,0.444,2018
621,152,Yemen,3.355,0.442,1.073,0.343,0.244,0.083,0.064,2018
622,153,Tanzania,3.303,0.455,0.991,0.381,0.481,0.27,0.097,2018
623,154,South Sudan,3.254,0.337,0.608,0.177,0.112,0.224,0.106,2018
624,155,Central African Republic,3.083,0.024,0.0,0.01,0.305,0.218,0.038,2018
625,156,Burundi,2.905,0.091,0.627,0.145,0.065,0.149,0.076,2018
626,1,Finland,7.769,1.34,1.587,0.986,0.596,0.153,0.393,2019
627,2,Denmark,7.6,1.383,1.5730000000000002,0.996,0.5920000000000001,0.252,0.41,2019
628,3,Norway,7.5539999999999985,1.4880000000000002,1.582,1.028,0.603,0.271,0.341,2019
629,4,Iceland,7.494,1.38,1.624,1.026,0.591,0.354,0.118,2019
630,5,Netherlands,7.487999999999999,1.396,1.5219999999999998,0.999,0.557,0.322,0.298,2019
631,6,Switzerland,7.48,1.452,1.526,1.052,0.5720000000000001,0.263,0.343,2019
632,7,Sweden,7.343,1.3869999999999998,1.487,1.009,0.574,0.267,0.373,2019
633,8,New Zealand,7.307,1.3030000000000002,1.557,1.026,0.585,0.33,0.38,2019
634,9,Canada,7.278,1.365,1.505,1.039,0.584,0.285,0.308,2019
635,10,Austria,7.246,1.376,1.475,1.016,0.532,0.244,0.226,2019
636,11,Australia,7.228,1.372,1.548,1.036,0.557,0.332,0.29,2019
637,12,Costa Rica,7.167000000000002,1.034,1.4409999999999998,0.963,0.5579999999999999,0.14400000000000002,0.093,2019
638,13,Israel,7.1389999999999985,1.276,1.455,1.029,0.371,0.261,0.08199999999999999,2019
639,14,Luxembourg,7.09,1.609,1.479,1.012,0.526,0.194,0.316,2019
640,15,United Kingdom,7.0539999999999985,1.3330000000000002,1.538,0.996,0.45,0.348,0.278,2019
641,16,Ireland,7.021,1.499,1.5530000000000002,0.999,0.516,0.298,0.31,2019
642,17,Germany,6.985,1.3730000000000002,1.454,0.987,0.495,0.261,0.265,2019
643,18,Belgium,6.922999999999999,1.356,1.504,0.986,0.473,0.16,0.21,2019
644,19,United States,6.892,1.433,1.457,0.8740000000000001,0.454,0.28,0.128,2019
645,20,Czech Republic,6.852,1.269,1.487,0.92,0.457,0.046,0.036000000000000004,2019
646,21,United Arab Emirates,6.825,1.503,1.31,0.825,0.598,0.262,0.182,2019
647,22,Malta,6.726,1.3,1.52,0.999,0.564,0.375,0.151,2019
648,23,Mexico,6.595,1.07,1.3230000000000002,0.861,0.433,0.07400000000000001,0.073,2019
649,24,France,6.5920000000000005,1.324,1.472,1.045,0.436,0.111,0.183,2019
650,25,Taiwan,6.4460000000000015,1.368,1.43,0.914,0.35100000000000003,0.242,0.097,2019
651,26,Chile,6.444,1.159,1.369,0.92,0.35700000000000004,0.187,0.056,2019
652,27,Guatemala,6.436,0.8,1.269,0.746,0.535,0.175,0.078,2019
653,28,Saudi Arabia,6.375,1.403,1.357,0.795,0.439,0.08,0.132,2019
654,29,Qatar,6.374,1.6840000000000002,1.3130000000000002,0.871,0.555,0.22,0.16699999999999998,2019
655,30,Spain,6.354,1.286,1.484,1.062,0.362,0.153,0.079,2019
656,31,Panama,6.3210000000000015,1.149,1.442,0.91,0.516,0.109,0.054000000000000006,2019
657,32,Brazil,6.3,1.004,1.439,0.802,0.39,0.099,0.086,2019
658,33,Uruguay,6.292999999999998,1.124,1.465,0.8909999999999999,0.523,0.127,0.15,2019
659,34,Singapore,6.2620000000000005,1.5719999999999998,1.463,1.141,0.556,0.271,0.453,2019
660,35,El Salvador,6.252999999999999,0.794,1.242,0.789,0.43,0.093,0.07400000000000001,2019
661,36,Italy,6.223,1.294,1.4880000000000002,1.039,0.231,0.158,0.03,2019
662,37,Bahrain,6.199,1.362,1.368,0.871,0.536,0.255,0.11,2019
663,38,Slovakia,6.198,1.246,1.504,0.8809999999999999,0.334,0.121,0.014,2019
664,39,Trinidad & Tobago,6.192,1.231,1.477,0.713,0.489,0.185,0.016,2019
665,40,Poland,6.182,1.206,1.4380000000000002,0.884,0.483,0.117,0.05,2019
666,41,Uzbekistan,6.174,0.745,1.529,0.7559999999999999,0.631,0.322,0.24,2019
667,42,Lithuania,6.149,1.238,1.515,0.818,0.29100000000000004,0.043,0.042,2019
668,43,Colombia,6.125,0.985,1.41,0.841,0.47,0.099,0.034,2019
669,44,Slovenia,6.1179999999999986,1.258,1.523,0.953,0.564,0.14400000000000002,0.057,2019
670,45,Nicaragua,6.105,0.6940000000000001,1.325,0.835,0.435,0.2,0.127,2019
671,46,Kosovo,6.1,0.882,1.232,0.758,0.489,0.262,0.006,2019
672,47,Argentina,6.086,1.092,1.432,0.8809999999999999,0.471,0.066,0.05,2019
673,48,Romania,6.07,1.162,1.232,0.825,0.462,0.083,0.005,2019
674,49,Cyprus,6.046,1.263,1.223,1.042,0.406,0.19,0.041,2019
675,50,Ecuador,6.028,0.912,1.3119999999999998,0.868,0.498,0.126,0.087,2019
676,51,Kuwait,6.021,1.5,1.319,0.8079999999999999,0.493,0.142,0.097,2019
677,52,Thailand,6.007999999999999,1.05,1.409,0.828,0.557,0.359,0.028,2019
678,53,Latvia,5.94,1.187,1.465,0.812,0.264,0.075,0.064,2019
679,54,South Korea,5.895,1.301,1.219,1.036,0.159,0.175,0.056,2019
680,55,Estonia,5.893,1.237,1.528,0.8740000000000001,0.495,0.103,0.161,2019
681,56,Jamaica,5.89,0.831,1.4780000000000002,0.831,0.49,0.107,0.028,2019
682,57,Mauritius,5.888,1.12,1.402,0.7979999999999999,0.498,0.215,0.06,2019
683,58,Japan,5.886,1.327,1.419,1.088,0.445,0.069,0.14,2019
684,59,Honduras,5.86,0.642,1.236,0.828,0.507,0.246,0.078,2019
685,60,Kazakhstan,5.809,1.173,1.508,0.7290000000000001,0.41,0.146,0.096,2019
686,61,Bolivia,5.779,0.7759999999999999,1.209,0.706,0.511,0.13699999999999998,0.064,2019
687,62,Hungary,5.757999999999999,1.2009999999999998,1.41,0.828,0.199,0.081,0.02,2019
688,63,Paraguay,5.7429999999999986,0.855,1.475,0.777,0.514,0.184,0.08,2019
689,64,Northern Cyprus,5.718,1.263,1.252,1.042,0.417,0.191,0.162,2019
690,65,Peru,5.697,0.96,1.274,0.8540000000000001,0.455,0.083,0.027000000000000003,2019
691,66,Portugal,5.693,1.221,1.431,0.999,0.508,0.047,0.025,2019
692,67,Pakistan,5.653,0.677,0.8859999999999999,0.535,0.313,0.22,0.098,2019
693,68,Russia,5.648,1.183,1.452,0.726,0.334,0.08199999999999999,0.031,2019
694,69,Philippines,5.631,0.807,1.293,0.657,0.5579999999999999,0.117,0.107,2019
695,70,Serbia,5.603,1.004,1.383,0.8540000000000001,0.282,0.13699999999999998,0.039,2019
696,71,Moldova,5.529,0.685,1.328,0.7390000000000001,0.245,0.181,0.0,2019
697,72,Libya,5.525,1.044,1.3030000000000002,0.6729999999999999,0.416,0.133,0.152,2019
698,73,Montenegro,5.523,1.051,1.361,0.871,0.197,0.142,0.08,2019
699,74,Tajikistan,5.4670000000000005,0.493,1.098,0.718,0.389,0.23,0.14400000000000002,2019
700,75,Croatia,5.432,1.155,1.266,0.914,0.29600000000000004,0.119,0.022,2019
701,76,Hong Kong,5.43,1.4380000000000002,1.277,1.122,0.44,0.258,0.287,2019
702,77,Dominican Republic,5.425,1.015,1.401,0.779,0.4970000000000001,0.113,0.101,2019
703,78,Bosnia and Herzegovina,5.386,0.945,1.212,0.845,0.212,0.263,0.006,2019
704,79,Turkey,5.372999999999998,1.183,1.36,0.8079999999999999,0.195,0.083,0.106,2019
705,80,Malaysia,5.339,1.221,1.171,0.828,0.508,0.26,0.024,2019
706,81,Belarus,5.323,1.067,1.465,0.789,0.235,0.094,0.142,2019
707,82,Greece,5.287000000000001,1.181,1.156,0.999,0.067,0.0,0.034,2019
708,83,Mongolia,5.285,0.948,1.531,0.667,0.317,0.235,0.038,2019
709,84,North Macedonia,5.274,0.983,1.294,0.838,0.345,0.185,0.034,2019
710,85,Nigeria,5.265,0.696,1.111,0.245,0.426,0.215,0.041,2019
711,86,Kyrgyzstan,5.261,0.551,1.4380000000000002,0.723,0.508,0.3,0.023,2019
712,87,Turkmenistan,5.247000000000001,1.052,1.538,0.657,0.394,0.244,0.028,2019
713,88,Algeria,5.211,1.002,1.16,0.785,0.086,0.073,0.114,2019
714,89,Morocco,5.207999999999998,0.8009999999999999,0.782,0.782,0.418,0.036000000000000004,0.076,2019
715,90,Azerbaijan,5.207999999999998,1.043,1.147,0.769,0.35100000000000003,0.035,0.182,2019
716,91,Lebanon,5.197,0.987,1.224,0.815,0.21600000000000005,0.166,0.027000000000000003,2019
717,92,Indonesia,5.192,0.931,1.203,0.66,0.491,0.498,0.028,2019
718,93,China,5.191,1.029,1.125,0.893,0.521,0.058,0.1,2019
719,94,Vietnam,5.175,0.741,1.346,0.851,0.5429999999999999,0.147,0.073,2019
720,95,Bhutan,5.082,0.813,1.321,0.604,0.457,0.37,0.16699999999999998,2019
721,96,Cameroon,5.044,0.5489999999999999,0.91,0.331,0.381,0.187,0.037000000000000005,2019
722,97,Bulgaria,5.011,1.092,1.513,0.815,0.311,0.081,0.004,2019
723,98,Ghana,4.996,0.611,0.868,0.486,0.381,0.245,0.04,2019
724,99,Ivory Coast,4.944,0.569,0.8079999999999999,0.232,0.35200000000000004,0.154,0.09,2019
725,100,Nepal,4.913,0.446,1.226,0.677,0.439,0.285,0.08900000000000001,2019
726,101,Jordan,4.9060000000000015,0.8370000000000001,1.225,0.815,0.383,0.11,0.13,2019
727,102,Benin,4.883,0.393,0.4370000000000001,0.397,0.349,0.175,0.08199999999999999,2019
728,103,Congo (Brazzaville),4.812,0.6729999999999999,0.799,0.508,0.3720000000000001,0.105,0.093,2019
729,104,Gabon,4.799,1.057,1.183,0.5710000000000001,0.295,0.043,0.055,2019
730,105,Laos,4.796,0.764,1.03,0.551,0.547,0.266,0.16399999999999998,2019
731,106,South Africa,4.722,0.96,1.351,0.469,0.389,0.13,0.055,2019
732,107,Albania,4.7189999999999985,0.947,0.848,0.8740000000000001,0.383,0.17800000000000002,0.027000000000000003,2019
733,108,Venezuela,4.707,0.96,1.4269999999999998,0.805,0.154,0.064,0.047,2019
734,109,Cambodia,4.7,0.574,1.122,0.637,0.609,0.232,0.062,2019
735,110,Palestinian Territories,4.6960000000000015,0.657,1.247,0.672,0.225,0.103,0.066,2019
736,111,Senegal,4.681,0.45,1.134,0.5710000000000001,0.292,0.153,0.07200000000000001,2019
737,112,Somalia,4.668,0.0,0.698,0.268,0.5589999999999999,0.243,0.27,2019
738,113,Namibia,4.6389999999999985,0.879,1.3130000000000002,0.477,0.401,0.07,0.056,2019
739,114,Niger,4.628,0.138,0.774,0.366,0.318,0.188,0.102,2019
740,115,Burkina Faso,4.587,0.331,1.056,0.38,0.255,0.177,0.113,2019
741,116,Armenia,4.559,0.85,1.055,0.815,0.28300000000000003,0.095,0.064,2019
742,117,Iran,4.548,1.1,0.8420000000000001,0.785,0.305,0.27,0.125,2019
743,118,Guinea,4.534,0.38,0.8290000000000001,0.375,0.332,0.207,0.086,2019
744,119,Georgia,4.519,0.8859999999999999,0.6659999999999999,0.752,0.34600000000000003,0.043,0.16399999999999998,2019
745,120,Gambia,4.516,0.308,0.939,0.428,0.382,0.269,0.16699999999999998,2019
746,121,Kenya,4.509,0.512,0.983,0.581,0.431,0.3720000000000001,0.053,2019
747,122,Mauritania,4.49,0.57,1.167,0.489,0.066,0.106,0.08800000000000001,2019
748,123,Mozambique,4.466,0.204,0.986,0.39,0.494,0.197,0.138,2019
749,124,Tunisia,4.461,0.921,1.0,0.815,0.16699999999999998,0.059,0.055,2019
750,125,Bangladesh,4.456,0.562,0.928,0.723,0.527,0.166,0.14300000000000002,2019
751,126,Iraq,4.437,1.043,0.98,0.574,0.241,0.14800000000000002,0.08900000000000001,2019
752,127,Congo (Kinshasa),4.418,0.094,1.125,0.35700000000000004,0.269,0.212,0.053,2019
753,128,Mali,4.39,0.385,1.105,0.308,0.327,0.153,0.052000000000000005,2019
754,129,Sierra Leone,4.374,0.268,0.841,0.242,0.309,0.252,0.045,2019
755,130,Sri Lanka,4.3660000000000005,0.949,1.265,0.831,0.47,0.244,0.047,2019
756,131,Myanmar,4.36,0.71,1.181,0.555,0.525,0.5660000000000001,0.172,2019
757,132,Chad,4.35,0.35,0.7659999999999999,0.192,0.174,0.198,0.078,2019
758,133,Ukraine,4.332,0.82,1.39,0.7390000000000001,0.17800000000000002,0.187,0.01,2019
759,134,Ethiopia,4.2860000000000005,0.336,1.033,0.532,0.344,0.209,0.1,2019
760,135,Swaziland,4.212,0.8109999999999999,1.149,0.0,0.313,0.07400000000000001,0.135,2019
761,136,Uganda,4.189,0.332,1.069,0.443,0.35600000000000004,0.252,0.06,2019
762,137,Egypt,4.166,0.913,1.039,0.644,0.241,0.076,0.067,2019
763,138,Zambia,4.107,0.578,1.058,0.426,0.431,0.247,0.087,2019
764,139,Togo,4.085,0.275,0.5720000000000001,0.41,0.293,0.177,0.085,2019
765,140,India,4.015,0.755,0.765,0.588,0.498,0.2,0.085,2019
766,141,Liberia,3.975,0.073,0.922,0.443,0.37,0.233,0.033,2019
767,142,Comoros,3.973,0.274,0.757,0.505,0.142,0.275,0.078,2019
768,143,Madagascar,3.933,0.274,0.916,0.555,0.14800000000000002,0.16899999999999998,0.041,2019
769,144,Lesotho,3.802,0.489,1.169,0.168,0.359,0.107,0.093,2019
770,145,Burundi,3.775,0.046,0.447,0.38,0.22,0.17600000000000002,0.18,2019
771,146,Zimbabwe,3.663,0.366,1.114,0.433,0.361,0.151,0.08900000000000001,2019
772,147,Haiti,3.597,0.32299999999999995,0.688,0.449,0.026,0.419,0.11,2019
773,148,Botswana,3.488,1.041,1.145,0.5379999999999999,0.455,0.025,0.1,2019
774,149,Syria,3.462,0.619,0.378,0.44,0.013,0.331,0.141,2019
775,150,Malawi,3.41,0.191,0.56,0.495,0.443,0.218,0.08900000000000001,2019
776,151,Yemen,3.38,0.287,1.163,0.463,0.14300000000000002,0.108,0.077,2019
777,152,Rwanda,3.334,0.359,0.711,0.614,0.555,0.217,0.411,2019
778,153,Tanzania,3.2310000000000003,0.476,0.885,0.499,0.417,0.276,0.147,2019
779,154,Afghanistan,3.2030000000000003,0.35,0.517,0.361,0.0,0.158,0.025,2019
780,155,Central African Republic,3.083,0.026,0.0,0.105,0.225,0.235,0.035,2019
781,156,South Sudan,2.853,0.306,0.575,0.295,0.01,0.202,0.091,2019
782,1,Finland,7.808700085,10.63926697,0.954329729,71.9008255,0.949172199,-0.059482019,0.195444584,2020
783,2,Denmark,7.645599842,10.77400112,0.955990791,72.40250397,0.951444268,0.06620177599999999,0.168489456,2020
784,3,Switzerland,7.559899807000001,10.97993279,0.942846596,74.10244751,0.921336651,0.105911039,0.303728431,2020
785,4,Iceland,7.504499912000001,10.77255917,0.974669576,73.0,0.948891878,0.246944219,0.7117097379999999,2020
786,5,Norway,7.4879999160000015,11.08780384,0.952486575,73.20078278,0.955750287,0.13453263,0.263218194,2020
787,6,Netherlands,7.448900223,10.81271172,0.93913883,72.30091858,0.908547819,0.20761244,0.364717126,2020
788,7,Sweden,7.353499889,10.75879383,0.926311195,72.60076904,0.939144194,0.111614622,0.250880182,2020
789,8,New Zealand,7.299600123999999,10.50094318,0.949118972,73.20262909,0.936217487,0.191598073,0.22113885,2020
790,9,Austria,7.294199944,10.7428236,0.928045869,73.00250244,0.899989486,0.085429221,0.499954879,2020
791,10,Luxembourg,7.237500191,11.45068073,0.906912208,72.59999847,0.90563643,-0.004620588,0.367084295,2020
792,11,Canada,7.23210001,10.69236851,0.927176654,73.60160065,0.933913231,0.124770768,0.390843362,2020
793,12,Australia,7.222799778,10.72059631,0.944854617,73.60453796,0.915431738,0.19046016,0.41516912,2020
794,13,United Kingdom,7.164500237,10.60013485,0.93668282,72.30160522,0.834743679,0.263732493,0.435915917,2020
795,14,Israel,7.128600121,10.41752529,0.913571239,73.20025635,0.7475805879999999,0.10259372,0.78085506,2020
796,15,Costa Rica,7.121399879,9.658156395,0.901545942,71.29985046,0.934738934,-0.10242971,0.7863324279999999,2020
797,16,Ireland,7.093699932000001,11.16097832,0.942081571,72.30078888,0.8869829770000001,0.145784974,0.357184172,2020
798,17,Germany,7.075799942000001,10.7328186,0.898874462,72.20201874,0.867371082,0.08017938599999999,0.456422031,2020
799,18,United States,6.9395999910000015,10.92576885,0.914219022,68.29949951,0.842619538,0.149891734,0.6997153159999999,2020
800,19,Czech Republic,6.9109001160000005,10.40416336,0.914430678,70.04793549,0.818537354,-0.230861515,0.85844624,2020
801,20,Belgium,6.863500117999999,10.6736393,0.911632538,72.00164795,0.813582063,-0.078691199,0.612297952,2020
802,21,United Arab Emirates,6.790800095,11.1099987,0.8491811159999999,67.08278656,0.941345513,0.123450845,0.594502211,2020
803,22,Malta,6.7727999689999985,10.53383827,0.93037951,72.19999695,0.924911439,0.214965805,0.658547282,2020
804,23,France,6.663799762999999,10.58422279,0.937103748,73.80193329,0.8254676459999999,-0.130641967,0.583521128,2020
805,24,Mexico,6.465000152999999,9.797797203,0.8386654259999999,68.29902649,0.8587092759999999,-0.175266623,0.806821585,2020
806,25,Taiwan Province of China,6.45539999,10.77568531,0.894309103,69.59999847,0.77153033,-0.07319869799999999,0.73188293,2020
807,26,Uruguay,6.440100192999999,9.948192596,0.92281127,69.00254822,0.892395437,-0.101103112,0.635994136,2020
808,27,Saudi Arabia,6.406499863,10.79781246,0.874067068,66.30514526,0.854191244,-0.16869506199999998,0.682619512,2020
809,28,Spain,6.4008998870000005,10.46292686,0.921125412,74.40270996,0.751989543,-0.050961714000000005,0.765859902,2020
810,29,Guatemala,6.398900032,8.924805641,0.8166214820000001,64.8089447,0.908147573,-0.042938665,0.783237457,2020
811,30,Italy,6.38740015,10.48183632,0.8898785709999999,73.60168457,0.66465199,-0.043460999000000014,0.873404682,2020
812,31,Singapore,6.3770999910000015,11.39552116,0.910268962,76.80458069,0.926645339,0.029879224,0.109784193,2020
813,32,Brazil,6.375599861,9.56643486,0.896723807,66.48016357,0.799804807,-0.101812392,0.7706012729999999,2020
814,33,Slovenia,6.363399982000001,10.39232254,0.939575672,71.1029892,0.936142623,-0.080603383,0.817071021,2020
815,34,El Salvador,6.34829998,8.909075737,0.8060922620000001,66.10826111,0.833805263,-0.121072978,0.754319906,2020
816,35,Kosovo,6.325200081,9.204429626,0.8207265140000001,63.88555527,0.861535907,0.190933764,0.922328293,2020
817,36,Panama,6.3048000339999986,10.03423405,0.902094483,69.60301208,0.880366504,-0.153927714,0.851588905,2020
818,37,Slovakia,6.280600071,10.34774971,0.922493756,68.90634155,0.7499526740000001,-0.124409303,0.918096125,2020
819,38,Uzbekistan,6.257599831,8.740371704,0.926595807,65.10757446,0.974998116,0.248427153,0.501497388,2020
820,39,Chile,6.228499889,10.0320549,0.879713595,69.90061951,0.7448962929999999,-0.065668367,0.838239431,2020
821,40,Bahrain,6.227300167,10.67638016,0.876342118,68.5,0.905855775,0.13372919,0.7393470999999999,2020
822,41,Lithuania,6.215499877999999,10.34362602,0.926107109,67.29407501,0.747381449,-0.219725296,0.809583843,2020
823,42,Trinidad and Tobago,6.1918997760000005,10.26000214,0.91529417,63.5,0.8579071159999999,0.000526841,0.912230611,2020
824,43,Poland,6.1862998010000005,10.26512432,0.874257445,69.31113434,0.8620557790000001,-0.205084071,0.6869270209999999,2020
825,44,Colombia,6.163400172999999,9.500369072,0.884440243,67.69958496,0.8361799120000001,-0.161235645,0.86457181,2020
826,45,Cyprus,6.15899992,10.40570259,0.8059962390000001,73.70222473,0.7798582909999999,0.043731496,0.8562717440000001,2020
827,46,Nicaragua,6.13710022,8.493160247999999,0.8574970359999999,67.50717926,0.8639028670000001,0.020959141,0.665950119,2020
828,47,Romania,6.123700142000001,10.107584,0.8251615170000001,67.20723724,0.842823207,-0.19781521,0.934300244,2020
829,48,Kuwait,6.102099895,11.08982468,0.8464752440000001,66.76764679,0.8723664879999999,-0.100184701,0.7608490590000001,2020
830,49,Mauritius,6.101299762999999,9.956786156,0.910357833,66.40434265,0.889534533,-0.018318573,0.8053430909999999,2020
831,50,Kazakhstan,6.0578999520000005,10.11465836,0.934744895,64.60996246,0.811601937,-0.068488635,0.7644908429999999,2020
832,51,Estonia,6.0218000410000005,10.34001732,0.934729993,68.60495758,0.87770915,-0.111697771,0.623073816,2020
833,52,Philippines,6.006000042,8.993545532,0.8467300529999999,61.92676163,0.915463448,-0.105463006,0.7336341140000001,2020
834,53,Hungary,6.000400066,10.24924374,0.921934128,67.60997009,0.718964577,-0.194323018,0.892916501,2020
835,54,Thailand,5.9987998010000005,9.741791725,0.8899732229999999,67.25059509,0.905063033,0.268685192,0.8862723109999999,2020
836,55,Argentina,5.974699974,9.810955048,0.900567949,68.80380249,0.831132412,-0.194913864,0.8420098420000001,2020
837,56,Honduras,5.953199862999999,8.424534798,0.821870148,67.19876862,0.870603263,0.086969115,0.801131904,2020
838,57,Latvia,5.949999809,10.17531967,0.918288589,66.8074646,0.671237648,-0.186888844,0.7955800890000001,2020
839,58,Ecuador,5.925199986,9.246058463999999,0.836418986,68.50003815,0.8598289490000001,-0.127014965,0.8012151120000001,2020
840,59,Portugal,5.9109001160000005,10.26374245,0.8865907190000001,72.40202332,0.8887478109999999,-0.220714301,0.8926295040000001,2020
841,60,Jamaica,5.889800072000001,9.006250381000001,0.915701866,67.09999847,0.8580685259999999,-0.12510676699999998,0.8888900279999999,2020
842,61,South Korea,5.872399807000001,10.51056671,0.7993871570000001,73.60272979999998,0.6129651070000001,-0.043404032,0.789067447,2020
843,62,Japan,5.870800018,10.57968903,0.883545935,75.00096893,0.8099613790000001,-0.246910349,0.654558063,2020
844,63,Peru,5.796800137000001,9.456313133,0.8310752509999999,68.10023499,0.8247660990000001,-0.16238822,0.8937149640000001,2020
845,64,Serbia,5.77820015,9.680980682000001,0.881475747,68.21020508,0.726495862,-0.073676221,0.843509018,2020
846,65,Bolivia,5.747499942999999,8.851115227000001,0.803108692,63.6004715,0.875873327,-0.09168113,0.8226062059999999,2020
847,66,Pakistan,5.69329977,8.482727051,0.689062297,58.25313568,0.734833717,0.04489987,0.7457054259999999,2020
848,67,Paraguay,5.692100048,9.389982224,0.8987278940000001,65.63993835,0.885923445,0.007997713,0.8347885009999999,2020
849,68,Dominican Republic,5.689199924,9.664880753,0.882085383,65.80748749,0.8662027720000001,-0.131263286,0.755999923,2020
850,69,Bosnia and Herzegovina,5.674099922000001,9.455817223,0.829204142,67.80813599,0.651352704,0.098274559,0.933769107,2020
851,70,Moldova,5.607500076,8.776714325,0.843313575,65.01301575,0.721609175,-0.037741039,0.913314283,2020
852,71,Tajikistan,5.555699825,8.024810791,0.835297108,64.10459137,0.831383407,-0.025088511,0.5920760629999999,2020
853,72,Montenegro,5.54610014,9.751860619,0.855314612,68.50534821,0.649565637,-0.075600356,0.7831215859999999,2020
854,73,Russia,5.546000004,10.12887192,0.903150737,64.10045624,0.729892612,-0.151153743,0.864802599,2020
855,74,Kyrgyzstan,5.541500092000001,8.148405075,0.8872284890000001,64.10601044,0.909374893,0.15477205800000002,0.888396084,2020
856,75,Belarus,5.539899826,9.779945374,0.90674746,66.10433197,0.6391630770000001,-0.164926544,0.63571167,2020
857,76,North Cyprus,5.53550005,10.40570259,0.820356607,73.70222473,0.79529351,0.00022715900000000005,0.62611568,2020
858,77,Greece,5.514999866,10.13232613,0.8143803479999999,72.40525818,0.5413451189999999,-0.30090737300000003,0.8599314090000001,2020
859,78,Hong Kong S.A.R. of China,5.510399818,10.9346714,0.8459690809999999,76.77170563,0.7798337940000001,0.134979904,0.420607209,2020
860,79,Croatia,5.504700184,10.07087517,0.874623716,70.21490479,0.714838803,-0.128538325,0.916495264,2020
861,80,Libya,5.488800049,9.789815903,0.8259429340000001,62.29999924,0.773157001,-0.085054487,0.668779135,2020
862,81,Mongolia,5.456200123,9.412186623,0.937142491,62.30448532,0.693351328,0.098093867,0.863511205,2020
863,82,Malaysia,5.384300232,10.26251888,0.816509426,67.10215759,0.8946268559999999,0.114726797,0.8393023009999999,2020
864,83,Vietnam,5.353499889,8.809545517,0.849987149,67.95273590000001,0.939592957,-0.094533332,0.79642123,2020
865,84,Indonesia,5.285600185,9.36975193,0.808379889,62.15584946,0.8706144090000001,0.519586504,0.876296401,2020
866,85,Ivory Coast,5.233300208999999,8.225561142,0.658048689,49.50377274,0.727909327,-0.043991156,0.7907719609999999,2020
867,86,Benin,5.21600008,7.674319744,0.468671143,54.31246567,0.735182583,-0.003537213,0.7405325770000001,2020
868,87,Maldives,5.197599888,9.518632889,0.91316092,70.59999847,0.8539627790000001,0.038085498,0.824211061,2020
869,88,Congo (Brazzaville),5.194399834,8.536987305,0.6402280929999999,57.92448044,0.7190585140000001,-0.123674095,0.7517790790000001,2020
870,89,Azerbaijan,5.164800167,9.687726974,0.819308281,65.50839996,0.786824107,-0.240255281,0.55253756,2020
871,90,Macedonia,5.1598000530000006,9.510591507000001,0.820392311,67.50442505,0.738840938,-0.019877451,0.8974905009999999,2020
872,91,Ghana,5.1479997630000005,8.350645065,0.728601098,57.20398712,0.794796526,0.094170853,0.8479647640000001,2020
873,92,Nepal,5.137199879,7.925357342000001,0.785512447,63.77917862,0.797565043,0.154168829,0.7380991579999999,2020
874,93,Turkey,5.131800175,10.12941933,0.826313555,66.90281677,0.6088304520000001,-0.17104643600000002,0.748197377,2020
875,94,China,5.123899937,9.688568115,0.798760593,69.2891922,0.898517907,-0.18142575,0.7539710999999999,2020
876,95,Turkmenistan,5.119100093999999,9.74803257,0.958966196,62.21170807,0.8264570240000001,0.187671542,0.883691847,2020
877,96,Bulgaria,5.101500034,9.869318962000001,0.937840343,66.80397797,0.745178163,-0.143908441,0.935585141,2020
878,97,Morocco,5.094799995,8.940313339,0.5926284789999999,65.89624023,0.772072434,-0.240377247,0.8157246109999999,2020
879,98,Cameroon,5.084899902,8.118647575,0.700386405,52.7049408,0.7630518079999999,-0.00149645,0.8513365979999999,2020
880,99,Venezuela,5.053199768,8.977793693999999,0.890408158,66.50534058,0.62327832,-0.16909050899999994,0.837038398,2020
881,100,Algeria,5.005099773,9.537964821000001,0.8033851390000001,65.90517426,0.466610909,-0.121105164,0.7354851370000001,2020
882,101,Senegal,4.980800152,8.118982315,0.723616004,59.59915161,0.6905961629999999,-0.052335154,0.808785141,2020
883,102,Guinea,4.949299812,7.750990391,0.637573481,54.46780014,0.7068467740000001,0.076328471,0.761794448,2020
884,103,Niger,4.909599781,6.8421669010000015,0.617435038,53.50009537,0.759772122,0.013860817,0.722530186,2020
885,104,Laos,4.888599873,8.79858017,0.7375022170000001,58.70992279,0.907213569,0.11137148,0.634679317,2020
886,105,Albania,4.882699966000001,9.417930603,0.671070457,68.70813751,0.7819942240000001,-0.042309489000000006,0.896303713,2020
887,106,Cambodia,4.8484001160000005,8.249890327000001,0.773080647,61.52996826,0.959704638,0.051911179,0.8227690459999999,2020
888,107,Bangladesh,4.832799911,8.287063599,0.687292993,64.50306702,0.90062499,-0.033664726,0.661843538,2020
889,108,Gabon,4.829299927,9.680537224,0.787886858,59.71533966,0.7048292159999999,-0.222261623,0.8491509559999999,2020
890,109,South Africa,4.814099789,9.403370857,0.8525322679999999,56.50601196,0.7593300940000001,-0.109777324,0.843423843,2020
891,110,Iraq,4.7848000530000006,9.661095619,0.7476949690000001,59.90354919,0.633182645,-0.06956476,0.82226181,2020
892,111,Lebanon,4.771500111,9.3617239,0.824338138,67.10658264,0.5513575079999999,-0.06121527,0.90225625,2020
893,112,Burkina Faso,4.768700123,7.46854496,0.7129436140000001,53.88945389,0.665563583,-0.019080516,0.739795029,2020
894,113,Gambia,4.750599861,7.321814537000001,0.6931687,55.01201629999999,0.733163178,0.34319871700000004,0.6907178159999999,2020
895,114,Mali,4.729300021999999,7.629852295,0.7314689759999999,51.72698212,0.71156615,-0.044366926,0.839328408,2020
896,115,Nigeria,4.724100113,8.57662487,0.73721689,49.86190796,0.759578407,0.033745807,0.861874342,2020
897,116,Armenia,4.676799774,9.100476265,0.7574794290000001,66.75065613,0.7120178340000001,-0.13877961,0.7735447879999999,2020
898,117,Georgia,4.672599792,9.226100922,0.629033029,64.49520874,0.8016415240000001,-0.22892037,0.665944695,2020
899,118,Iran,4.672399998,9.813719749,0.6946896909999999,66.00614929,0.647873282,0.117891103,0.714635968,2020
900,119,Jordan,4.6333999630000005,9.025999069,0.80216372,66.79975128,0.75104779,-0.162565202,0.700344324,2020
901,120,Mozambique,4.623600006,7.069345951,0.723874032,54.20582199,0.864451885,0.032375867999999995,0.683019102,2020
902,121,Kenya,4.583000183,8.02977562,0.702652037,60.09693146,0.829747558,0.294681519,0.831499159,2020
903,122,Namibia,4.571100235,9.203141212,0.846880972,56.50148773,0.767520964,-0.18530646,0.8514497879999999,2020
904,123,Ukraine,4.56069994,9.010690689,0.878879368,64.60678101,0.663081884,-0.030933706,0.920636714,2020
905,124,Liberia,4.557899952,7.054380417000001,0.70928055,56.09631348,0.735268712,0.04227322,0.8563759329999999,2020
906,125,Palestinian Territories,4.552800179,8.389223099,0.825295925,62.25,0.645791829,-0.162079096,0.824199975,2020
907,126,Uganda,4.43200016,7.500389576,0.7649946209999999,55.70820236,0.7317139509999999,0.099487431,0.8367378120000001,2020
908,127,Chad,4.422699928,7.467963696,0.632388055,48.22053909,0.587305248,0.017834719,0.8027608390000001,2020
909,128,Tunisia,4.392199993,9.314972877999999,0.6887185570000001,66.89785767,0.593361557,-0.216413811,0.867590249,2020
910,129,Mauritania,4.374599934,8.233919144,0.7908192279999999,57.01017761,0.551522553,-0.106008142,0.746223509,2020
911,130,Sri Lanka,4.327000141,9.389969826,0.825374067,67.20006561,0.837633669,0.081129618,0.859001756,2020
912,131,Congo (Kinshasa),4.31099987,6.6942563060000015,0.6721590159999999,52.90000153,0.700793564,0.083637655,0.809403598,2020
913,132,Swaziland,4.308100224,9.16267395,0.7702901959999999,51.18823624,0.646822274,-0.19920142,0.708263338,2020
914,133,Myanmar,4.308000088,8.680481911000001,0.78440702,58.96171188,0.895075202,0.560663998,0.645124316,2020
915,134,Comoros,4.288599968,7.833630085,0.625662446,57.34901047,0.547612607,0.09000840800000001,0.780622602,2020
916,135,Togo,4.187200069,7.357711315,0.551312625,54.71989822,0.6498286129999999,0.002667875,0.7577334640000001,2020
917,136,Ethiopia,4.186200142,7.509385586,0.743307352,58.63959122,0.740795195,0.043377332000000005,0.7536900040000001,2020
918,137,Madagascar,4.165599823,7.281685829,0.668195903,59.10542679,0.5575740929999999,-0.011823639,0.8174856309999999,2020
919,138,Egypt,4.151400089,9.316541672,0.7354478240000001,61.78015137,0.708354175,-0.196878314,0.787726879,2020
920,139,Sierra Leone,3.926399946,7.26880312,0.636142015,50.86514282,0.715315044,0.088660747,0.861330688,2020
921,140,Burundi,3.775300026,6.492642403,0.490325719,53.40000153,0.626350224,-0.017551597,0.606934547,2020
922,141,Zambia,3.759399891,8.224720001,0.698824465,55.29937744,0.806500256,0.078037128,0.801289678,2020
923,142,Haiti,3.720799923,7.4113292689999986,0.593247831,55.59862518,0.537825167,0.40053457,0.6847672459999999,2020
924,143,Lesotho,3.652800083,7.960488318999999,0.7804957029999999,48.00362396,0.738125861,-0.145732045,0.857392073,2020
925,144,India,3.573299885,8.849823952000001,0.592200935,60.21518707,0.8814448709999999,0.05755160700000001,0.772042692,2020
926,145,Malawi,3.538000107,7.062226295,0.544007301,57.59288788,0.803223193,0.021433279,0.731700778,2020
927,146,Yemen,3.527400017,7.759682655,0.817980587,56.72728348,0.599920273,-0.157735437,0.800287724,2020
928,147,Botswana,3.478899956,9.711203575,0.7791217570000001,58.92445374,0.8213281040000001,-0.250394493,0.777930915,2020
929,148,Tanzania,3.476200104,7.967665195,0.6889331940000001,57.49607468,0.82153976,0.109668687,0.619799435,2020
930,149,Central African Republic,3.475899935,6.625160217,0.31945985600000004,45.20000076,0.640880644,0.082410358,0.891806662,2020
931,150,Rwanda,3.312299967,7.600104332000001,0.54083544,61.09884644,0.9005894059999999,0.055483952,0.183541179,2020
932,151,Zimbabwe,3.2992000580000003,7.8657116889999985,0.7630927559999999,55.61725998,0.711457908,-0.072063953,0.81023699,2020
933,152,South Sudan,2.816600084,7.425359726,0.553707123,51.0,0.451313615,0.016518548,0.7634173040000001,2020
934,153,Afghanistan,2.566900015,7.462860583999999,0.470366955,52.59000015,0.396573007,-0.0964294,0.933686554,2020
